student_id,school_id,timepoint,time,time_sq,time_pre,time_post,phase_label,y_linear,y_quadratic,y_piecewise
sim_stu_0000,jpms_s_0743,T1,0.0,0.0,0.0,0.0,入学前(age 12),42.131000198702424,42.954111903658735,56.91834244420414
sim_stu_0000,jpms_s_0743,T2,1.0,1.0,1.0,0.0,中1,48.82996897656956,53.85344753007736,47.08503732156068
sim_stu_0000,jpms_s_0743,T3,2.0,4.0,2.0,0.0,中2,52.59086359407203,62.123519044389994,59.24788964462266
sim_stu_0000,jpms_s_0743,T4,3.0,9.0,3.0,0.0,中3,61.04962173590569,72.39562144905122,65.78155785929367
sim_stu_0000,jpms_s_0743,T5,6.0,36.0,3.0,3.0,高3,69.41883200548756,73.49007651111883,70.52298948762962
sim_stu_0000,jpms_s_0743,T6,11.0,121.0,3.0,8.0,社会人5年,83.21338388771034,92.77377987926158,75.174425236016
sim_stu_0001,jpms_s_0770,T1,0.0,0.0,0.0,0.0,入学前(age 12),51.791804265602906,43.55777850465301,54.38519523882109
sim_stu_0001,jpms_s_0770,T2,1.0,1.0,1.0,0.0,中1,56.24510665377339,62.71090213571171,57.079546014843125
sim_stu_0001,jpms_s_0770,T3,2.0,4.0,2.0,0.0,中2,63.49490285565409,52.35023675143354,59.55453780449471
sim_stu_0001,jpms_s_0770,T4,3.0,9.0,3.0,0.0,中3,59.765114482724165,69.03641003967866,70.95638889906883
sim_stu_0001,jpms_s_0770,T5,6.0,36.0,3.0,3.0,高3,74.7364290797113,81.87985555045555,72.1690203221517
sim_stu_0001,jpms_s_0770,T6,11.0,121.0,3.0,8.0,社会人5年,92.07487152845897,74.64334062425819,77.87631145815578
sim_stu_0002,jpms_s_0405,T1,0.0,0.0,0.0,0.0,入学前(age 12),46.03869704931829,42.80594737704933,38.85092411854786
sim_stu_0002,jpms_s_0405,T2,1.0,1.0,1.0,0.0,中1,39.80312677926053,49.260988330679524,43.022528626303135
sim_stu_0002,jpms_s_0405,T3,2.0,4.0,2.0,0.0,中2,50.387298870269014,53.30466477303447,55.996543772975635
sim_stu_0002,jpms_s_0405,T4,3.0,9.0,3.0,0.0,中3,52.37062305123489,59.08106876182187,63.6630948466267
sim_stu_0002,jpms_s_0405,T5,6.0,36.0,3.0,3.0,高3,62.86036085920631,72.35098417374418,63.56487131308386
sim_stu_0002,jpms_s_0405,T6,11.0,121.0,3.0,8.0,社会人5年,76.24312369905972,80.67776645919388,66.90008696358763
sim_stu_0003,jpms_s_0008,T1,0.0,0.0,0.0,0.0,入学前(age 12),48.44117886740865,37.33158363968184,48.796324227576704
sim_stu_0003,jpms_s_0008,T2,1.0,1.0,1.0,0.0,中1,57.421054935234594,51.12262749984922,42.08615456466225
sim_stu_0003,jpms_s_0008,T3,2.0,4.0,2.0,0.0,中2,53.49430711527758,51.41720087424525,58.567790566422076
sim_stu_0003,jpms_s_0008,T4,3.0,9.0,3.0,0.0,中3,56.553127711235405,65.00506777786406,52.180952598741364
sim_stu_0003,jpms_s_0008,T5,6.0,36.0,3.0,3.0,高3,66.14268999390472,67.95812087017144,57.08593960270789
sim_stu_0003,jpms_s_0008,T6,11.0,121.0,3.0,8.0,社会人5年,81.97573070003989,79.73893919439782,61.57868618418493
sim_stu_0004,jpms_s_0904,T1,0.0,0.0,0.0,0.0,入学前(age 12),64.86571143684507,57.253839810248245,62.150316310743676
sim_stu_0004,jpms_s_0904,T2,1.0,1.0,1.0,0.0,中1,72.72919477090159,69.28494052529149,70.91631981847802
sim_stu_0004,jpms_s_0904,T3,2.0,4.0,2.0,0.0,中2,66.04482656422856,66.528812911872,74.95772688992986
sim_stu_0004,jpms_s_0904,T4,3.0,9.0,3.0,0.0,中3,77.42994704002166,73.10111103484375,74.01472094356879
sim_stu_0004,jpms_s_0904,T5,6.0,36.0,3.0,3.0,高3,80.8031378986448,87.05197420084205,69.9213837684899
sim_stu_0004,jpms_s_0904,T6,11.0,121.0,3.0,8.0,社会人5年,100.20418146336606,97.31734561399475,91.96907567268059
sim_stu_0005,jpms_s_0245,T1,0.0,0.0,0.0,0.0,入学前(age 12),44.72058108855672,48.55602555696322,38.496634004442654
sim_stu_0005,jpms_s_0245,T2,1.0,1.0,1.0,0.0,中1,48.8024780611056,47.20831200541555,52.65381225899969
sim_stu_0005,jpms_s_0245,T3,2.0,4.0,2.0,0.0,中2,59.93031078297855,61.20702039823602,52.409025391574204
sim_stu_0005,jpms_s_0245,T4,3.0,9.0,3.0,0.0,中3,58.49116978089805,59.55233755436047,69.18723465603115
sim_stu_0005,jpms_s_0245,T5,6.0,36.0,3.0,3.0,高3,65.99460733548084,77.23817522517741,71.92585330350535
sim_stu_0005,jpms_s_0245,T6,11.0,121.0,3.0,8.0,社会人5年,86.0765304935963,79.28051184379451,72.85736485160616
sim_stu_0006,jpms_s_0437,T1,0.0,0.0,0.0,0.0,入学前(age 12),53.27925899220639,55.61088012543986,45.5903265503063
sim_stu_0006,jpms_s_0437,T2,1.0,1.0,1.0,0.0,中1,45.732892145549336,53.55447150029617,56.59968325793442
sim_stu_0006,jpms_s_0437,T3,2.0,4.0,2.0,0.0,中2,57.014789452196396,62.64488416953499,59.68072621053518
sim_stu_0006,jpms_s_0437,T4,3.0,9.0,3.0,0.0,中3,66.4128065219709,71.71473443013917,61.56113792355768
sim_stu_0006,jpms_s_0437,T5,6.0,36.0,3.0,3.0,高3,67.46352618451103,81.53614438212267,59.71456738517888
sim_stu_0006,jpms_s_0437,T6,11.0,121.0,3.0,8.0,社会人5年,82.59984736100245,87.21708202362845,67.01600459727797
sim_stu_0007,jpms_s_0788,T1,0.0,0.0,0.0,0.0,入学前(age 12),35.56395371564736,39.7218656383277,38.0018192528475
sim_stu_0007,jpms_s_0788,T2,1.0,1.0,1.0,0.0,中1,42.52541804354864,45.0989204037616,44.240966816767504
sim_stu_0007,jpms_s_0788,T3,2.0,4.0,2.0,0.0,中2,45.93869921531145,54.00725195379951,52.694114544859765
sim_stu_0007,jpms_s_0788,T4,3.0,9.0,3.0,0.0,中3,40.22638763471414,54.91477345969313,46.62854670073318
sim_stu_0007,jpms_s_0788,T5,6.0,36.0,3.0,3.0,高3,62.846805072601654,69.26089441383436,57.53823244091693
sim_stu_0007,jpms_s_0788,T6,11.0,121.0,3.0,8.0,社会人5年,71.84623193421831,72.33582191253348,69.040466963787
sim_stu_0008,jpms_s_0163,T1,0.0,0.0,0.0,0.0,入学前(age 12),55.441800090256834,50.55062289807023,52.125594494631635
sim_stu_0008,jpms_s_0163,T2,1.0,1.0,1.0,0.0,中1,55.681767159330164,62.18474028789634,59.84175778159959
sim_stu_0008,jpms_s_0163,T3,2.0,4.0,2.0,0.0,中2,52.64464480650299,66.74159309547517,65.39114244604167
sim_stu_0008,jpms_s_0163,T4,3.0,9.0,3.0,0.0,中3,62.940266733962986,64.39340661091046,69.01786884434638
sim_stu_0008,jpms_s_0163,T5,6.0,36.0,3.0,3.0,高3,73.76390080979566,81.4612335876051,61.67892299945303
sim_stu_0008,jpms_s_0163,T6,11.0,121.0,3.0,8.0,社会人5年,90.26721819728658,92.12884740204774,74.45566711050373
sim_stu_0009,jpms_s_0631,T1,0.0,0.0,0.0,0.0,入学前(age 12),57.868106834222985,53.822943648453325,67.15269234796475
sim_stu_0009,jpms_s_0631,T2,1.0,1.0,1.0,0.0,中1,64.15537095370726,64.90581759196715,68.99362434619518
sim_stu_0009,jpms_s_0631,T3,2.0,4.0,2.0,0.0,中2,60.006531209411385,61.46766744191692,68.54268697177064
sim_stu_0009,jpms_s_0631,T4,3.0,9.0,3.0,0.0,中3,70.16952018128673,68.4189822842153,68.31261152873317
sim_stu_0009,jpms_s_0631,T5,6.0,36.0,3.0,3.0,高3,85.42462270929589,77.46339280439489,73.76814900319988
sim_stu_0009,jpms_s_0631,T6,11.0,121.0,3.0,8.0,社会人5年,98.29637328084438,88.29416069788931,84.80129133913931
sim_stu_0010,jpms_s_0415,T1,0.0,0.0,0.0,0.0,入学前(age 12),54.816050728298855,50.87457710380261,56.696755496231674
sim_stu_0010,jpms_s_0415,T2,1.0,1.0,1.0,0.0,中1,54.424826095917595,68.43140859958152,72.57784744432215
sim_stu_0010,jpms_s_0415,T3,2.0,4.0,2.0,0.0,中2,62.885829920705724,71.27073516373106,64.11389071463398
sim_stu_0010,jpms_s_0415,T4,3.0,9.0,3.0,0.0,中3,57.27837990293048,71.76227766433198,70.27089492686571
sim_stu_0010,jpms_s_0415,T5,6.0,36.0,3.0,3.0,高3,85.98753411428152,88.04193548320767,68.0124871765395
sim_stu_0010,jpms_s_0415,T6,11.0,121.0,3.0,8.0,社会人5年,98.25858216932899,99.03679269210556,80.8295105804276
sim_stu_0011,jpms_s_0450,T1,0.0,0.0,0.0,0.0,入学前(age 12),64.10082102027259,49.806661519341034,62.531091760458736
sim_stu_0011,jpms_s_0450,T2,1.0,1.0,1.0,0.0,中1,56.51100549858591,62.11602542261396,60.22013937261751
sim_stu_0011,jpms_s_0450,T3,2.0,4.0,2.0,0.0,中2,67.60076456111304,66.23591892329188,56.96310597835225
sim_stu_0011,jpms_s_0450,T4,3.0,9.0,3.0,0.0,中3,72.73220133097969,80.30099308842634,71.1921900769366
sim_stu_0011,jpms_s_0450,T5,6.0,36.0,3.0,3.0,高3,76.90266927686166,83.07959343603908,73.15785134167115
sim_stu_0011,jpms_s_0450,T6,11.0,121.0,3.0,8.0,社会人5年,100.81930670456863,90.22695260446494,91.99165358670793
sim_stu_0012,jpms_s_0259,T1,0.0,0.0,0.0,0.0,入学前(age 12),58.8433923167619,47.800894302369315,56.170552336612495
sim_stu_0012,jpms_s_0259,T2,1.0,1.0,1.0,0.0,中1,64.04907881803629,60.25857174291443,50.80215626698717
sim_stu_0012,jpms_s_0259,T3,2.0,4.0,2.0,0.0,中2,69.10114292330591,67.91256737106508,74.37120630995845
sim_stu_0012,jpms_s_0259,T4,3.0,9.0,3.0,0.0,中3,51.460169380508304,63.59086497143602,74.65936192482131
sim_stu_0012,jpms_s_0259,T5,6.0,36.0,3.0,3.0,高3,80.30699929400545,91.91013030165011,75.06588176806216
sim_stu_0012,jpms_s_0259,T6,11.0,121.0,3.0,8.0,社会人5年,101.73524400320288,87.8540382744296,86.94965793865588
sim_stu_0013,jpms_s_0886,T1,0.0,0.0,0.0,0.0,入学前(age 12),51.45351499675725,49.89194382745595,43.25524364302977
sim_stu_0013,jpms_s_0886,T2,1.0,1.0,1.0,0.0,中1,47.40717894417383,37.753866775667674,39.08058370622449
sim_stu_0013,jpms_s_0886,T3,2.0,4.0,2.0,0.0,中2,52.268785785863095,54.47831876370242,55.80438683950607
sim_stu_0013,jpms_s_0886,T4,3.0,9.0,3.0,0.0,中3,54.750593250612894,57.58804279921488,62.97908714624281
sim_stu_0013,jpms_s_0886,T5,6.0,36.0,3.0,3.0,高3,58.3972762607695,64.34044167858148,60.439113111637596
sim_stu_0013,jpms_s_0886,T6,11.0,121.0,3.0,8.0,社会人5年,80.34692190550017,74.98122616494734,62.38965366418961
sim_stu_0014,jpms_s_0733,T1,0.0,0.0,0.0,0.0,入学前(age 12),57.9634741620163,49.534589491350175,52.67824757859498
sim_stu_0014,jpms_s_0733,T2,1.0,1.0,1.0,0.0,中1,54.43118676298392,53.93757758768732,59.79044320879426
sim_stu_0014,jpms_s_0733,T3,2.0,4.0,2.0,0.0,中2,60.769761836940695,64.3808387908023,62.844446302569075
sim_stu_0014,jpms_s_0733,T4,3.0,9.0,3.0,0.0,中3,74.22043655015068,61.683298530417396,78.65912097403114
sim_stu_0014,jpms_s_0733,T5,6.0,36.0,3.0,3.0,高3,72.3914267634219,86.69921408338901,68.87680950595741
sim_stu_0014,jpms_s_0733,T6,11.0,121.0,3.0,8.0,社会人5年,99.78182682879354,89.02869532522455,84.43417730697139
sim_stu_0015,jpms_s_0607,T1,0.0,0.0,0.0,0.0,入学前(age 12),35.093638327596814,39.76795667725288,46.58764050015229
sim_stu_0015,jpms_s_0607,T2,1.0,1.0,1.0,0.0,中1,46.81712703959129,44.14073285414001,45.32230017069805
sim_stu_0015,jpms_s_0607,T3,2.0,4.0,2.0,0.0,中2,49.2465036645191,51.98525833691533,55.66792106457518
sim_stu_0015,jpms_s_0607,T4,3.0,9.0,3.0,0.0,中3,47.55468136853194,55.96344112590498,62.664613022334265
sim_stu_0015,jpms_s_0607,T5,6.0,36.0,3.0,3.0,高3,66.7367609659428,74.46784830074856,66.15306970392888
sim_stu_0015,jpms_s_0607,T6,11.0,121.0,3.0,8.0,社会人5年,74.68792818909353,73.20879307103746,75.54051662758651
sim_stu_0016,jpms_s_0724,T1,0.0,0.0,0.0,0.0,入学前(age 12),32.66708758429304,30.839729897004162,38.32248025939532
sim_stu_0016,jpms_s_0724,T2,1.0,1.0,1.0,0.0,中1,37.225369372811905,49.966030200925914,55.6332091087131
sim_stu_0016,jpms_s_0724,T3,2.0,4.0,2.0,0.0,中2,48.31953413615135,52.42578891428415,48.11812965597333
sim_stu_0016,jpms_s_0724,T4,3.0,9.0,3.0,0.0,中3,58.1188213236913,56.42879435241103,61.78979880109623
sim_stu_0016,jpms_s_0724,T5,6.0,36.0,3.0,3.0,高3,70.66731314596568,59.49862989174251,58.4605452449862
sim_stu_0016,jpms_s_0724,T6,11.0,121.0,3.0,8.0,社会人5年,78.9167431213504,83.23388923057671,60.03736075943372
sim_stu_0017,jpms_s_0629,T1,0.0,0.0,0.0,0.0,入学前(age 12),45.480375925078754,45.45113356285209,44.70486051306146
sim_stu_0017,jpms_s_0629,T2,1.0,1.0,1.0,0.0,中1,50.8411576394976,49.56201999459866,53.87463820214275
sim_stu_0017,jpms_s_0629,T3,2.0,4.0,2.0,0.0,中2,60.36808736510371,59.148806761960394,50.43289473335488
sim_stu_0017,jpms_s_0629,T4,3.0,9.0,3.0,0.0,中3,57.31477990749675,71.44836226640562,60.324641193240375
sim_stu_0017,jpms_s_0629,T5,6.0,36.0,3.0,3.0,高3,67.36275188942923,74.07231446609084,74.81564398081574
sim_stu_0017,jpms_s_0629,T6,11.0,121.0,3.0,8.0,社会人5年,83.64040785656401,84.46989816841156,72.80647152333489
sim_stu_0018,jpms_s_0140,T1,0.0,0.0,0.0,0.0,入学前(age 12),52.45724210615778,47.952369730376695,46.51660357470446
sim_stu_0018,jpms_s_0140,T2,1.0,1.0,1.0,0.0,中1,45.832178402773245,58.06347927186032,57.262910753985196
sim_stu_0018,jpms_s_0140,T3,2.0,4.0,2.0,0.0,中2,54.29036993214233,54.531386012622704,58.149904713932834
sim_stu_0018,jpms_s_0140,T4,3.0,9.0,3.0,0.0,中3,58.794722674879104,60.86792696609632,63.89351584886174
sim_stu_0018,jpms_s_0140,T5,6.0,36.0,3.0,3.0,高3,65.73835279787714,77.66598350186231,61.57024369483626
sim_stu_0018,jpms_s_0140,T6,11.0,121.0,3.0,8.0,社会人5年,85.58921250522015,81.66158001380177,77.7042413111482
sim_stu_0019,jpms_s_0240,T1,0.0,0.0,0.0,0.0,入学前(age 12),52.206828918940516,59.30290889638498,52.68115136606105
sim_stu_0019,jpms_s_0240,T2,1.0,1.0,1.0,0.0,中1,56.19730147953443,58.35768036281414,57.48457946959538
sim_stu_0019,jpms_s_0240,T3,2.0,4.0,2.0,0.0,中2,59.871849635851234,59.400145666465825,53.511247493036
sim_stu_0019,jpms_s_0240,T4,3.0,9.0,3.0,0.0,中3,71.78051351838778,60.14429115215589,72.58252621515898
sim_stu_0019,jpms_s_0240,T5,6.0,36.0,3.0,3.0,高3,65.69341220273893,66.06864774124585,72.24689177113774
sim_stu_0019,jpms_s_0240,T6,11.0,121.0,3.0,8.0,社会人5年,83.88632898798451,81.7220630371018,73.53568152851183
sim_stu_0020,jpms_s_0160,T1,0.0,0.0,0.0,0.0,入学前(age 12),46.10903917670946,50.377602239998104,50.58357777501007
sim_stu_0020,jpms_s_0160,T2,1.0,1.0,1.0,0.0,中1,50.59736570408723,55.536198236872444,54.58202399079611
sim_stu_0020,jpms_s_0160,T3,2.0,4.0,2.0,0.0,中2,62.666723516168766,53.58359181792383,54.194149631702736
sim_stu_0020,jpms_s_0160,T4,3.0,9.0,3.0,0.0,中3,59.868757194281784,62.98203486309176,65.48931446464259
sim_stu_0020,jpms_s_0160,T5,6.0,36.0,3.0,3.0,高3,69.9077676862218,74.27275339497902,61.49337666011801
sim_stu_0020,jpms_s_0160,T6,11.0,121.0,3.0,8.0,社会人5年,98.51408091938752,83.72483052237793,69.04429214900637
sim_stu_0021,jpms_s_0887,T1,0.0,0.0,0.0,0.0,入学前(age 12),44.401847624631245,43.51806572384155,44.332845701767695
sim_stu_0021,jpms_s_0887,T2,1.0,1.0,1.0,0.0,中1,64.99474467742664,48.33589452879013,43.832701445367285
sim_stu_0021,jpms_s_0887,T3,2.0,4.0,2.0,0.0,中2,60.033997779212626,53.14284771128572,57.11159093749512
sim_stu_0021,jpms_s_0887,T4,3.0,9.0,3.0,0.0,中3,55.679606849073956,58.00079002601883,59.078604898896934
sim_stu_0021,jpms_s_0887,T5,6.0,36.0,3.0,3.0,高3,71.72953330489656,78.34419305369423,64.64127062348267
sim_stu_0021,jpms_s_0887,T6,11.0,121.0,3.0,8.0,社会人5年,89.02899801257627,83.29720095693428,76.00418025230513
sim_stu_0022,jpms_s_0411,T1,0.0,0.0,0.0,0.0,入学前(age 12),49.6724250466551,44.00655690799093,39.85758348155991
sim_stu_0022,jpms_s_0411,T2,1.0,1.0,1.0,0.0,中1,49.98169128575996,52.46533359381037,54.6528712344936
sim_stu_0022,jpms_s_0411,T3,2.0,4.0,2.0,0.0,中2,51.11969361717589,54.088547615255784,65.27466535740616
sim_stu_0022,jpms_s_0411,T4,3.0,9.0,3.0,0.0,中3,56.8592887089405,62.305938088830914,54.602134282692035
sim_stu_0022,jpms_s_0411,T5,6.0,36.0,3.0,3.0,高3,70.9833296143619,75.35936370507689,62.06780232738974
sim_stu_0022,jpms_s_0411,T6,11.0,121.0,3.0,8.0,社会人5年,86.02955536221526,81.55463438197114,75.70630481212996
sim_stu_0023,jpms_s_p3_001,T1,0.0,0.0,0.0,0.0,入学前(age 12),52.820261588992615,54.36529945061049,57.66028896669052
sim_stu_0023,jpms_s_p3_001,T2,1.0,1.0,1.0,0.0,中1,66.2155659320315,67.30887596514178,66.97332738227209
sim_stu_0023,jpms_s_p3_001,T3,2.0,4.0,2.0,0.0,中2,66.49203987242349,69.98922185941474,76.97749865304722
sim_stu_0023,jpms_s_p3_001,T4,3.0,9.0,3.0,0.0,中3,74.2441533578673,76.43639239112413,72.29243830495707
sim_stu_0023,jpms_s_p3_001,T5,6.0,36.0,3.0,3.0,高3,86.69021336089655,86.14453433174917,78.65217222010125
sim_stu_0023,jpms_s_p3_001,T6,11.0,121.0,3.0,8.0,社会人5年,89.52695047070026,98.07214923907543,83.3762693315172
sim_stu_0024,jpms_s_0035,T1,0.0,0.0,0.0,0.0,入学前(age 12),52.934043662189275,61.07684761009943,57.960163095638705
sim_stu_0024,jpms_s_0035,T2,1.0,1.0,1.0,0.0,中1,67.39380416257195,63.14213356067668,65.81729422303606
sim_stu_0024,jpms_s_0035,T3,2.0,4.0,2.0,0.0,中2,66.1227844901268,66.74176199034403,76.10065362388903
sim_stu_0024,jpms_s_0035,T4,3.0,9.0,3.0,0.0,中3,66.15549707528487,74.29263384045161,73.5177378867046
sim_stu_0024,jpms_s_0035,T5,6.0,36.0,3.0,3.0,高3,87.5616930438343,91.96421350428166,87.58929074784766
sim_stu_0024,jpms_s_0035,T6,11.0,121.0,3.0,8.0,社会人5年,101.10420770938329,102.82551172717515,86.25546944779916
sim_stu_0025,jpms_s_0468,T1,0.0,0.0,0.0,0.0,入学前(age 12),52.08659799260963,50.67862654599875,60.79058717734021
sim_stu_0025,jpms_s_0468,T2,1.0,1.0,1.0,0.0,中1,56.79551370436286,59.12058162680577,58.443031815054354
sim_stu_0025,jpms_s_0468,T3,2.0,4.0,2.0,0.0,中2,63.31179348183892,67.05035821404357,62.09971548935868
sim_stu_0025,jpms_s_0468,T4,3.0,9.0,3.0,0.0,中3,63.72786377398216,65.10999556504517,62.00064729408712
sim_stu_0025,jpms_s_0468,T5,6.0,36.0,3.0,3.0,高3,75.35716997296764,82.82511862841493,73.45698019193722
sim_stu_0025,jpms_s_0468,T6,11.0,121.0,3.0,8.0,社会人5年,86.72337906658895,95.48318867823134,87.40965569742653
sim_stu_0026,jpms_s_0458,T1,0.0,0.0,0.0,0.0,入学前(age 12),53.68270403547103,55.96868903771241,48.83359937990668
sim_stu_0026,jpms_s_0458,T2,1.0,1.0,1.0,0.0,中1,60.776709402861485,61.690007837952336,62.84128794975468
sim_stu_0026,jpms_s_0458,T3,2.0,4.0,2.0,0.0,中2,61.01645717131305,66.29796251044843,70.43399974434516
sim_stu_0026,jpms_s_0458,T4,3.0,9.0,3.0,0.0,中3,71.53015190129521,68.31936332877017,68.07079382109018
sim_stu_0026,jpms_s_0458,T5,6.0,36.0,3.0,3.0,高3,74.39284826058302,83.90731458532106,65.32865818745137
sim_stu_0026,jpms_s_0458,T6,11.0,121.0,3.0,8.0,社会人5年,96.45613504085777,87.39332903145385,68.18667327524254
sim_stu_0027,jpms_s_0779,T1,0.0,0.0,0.0,0.0,入学前(age 12),47.26453474190702,41.0642142348537,37.06793530262196
sim_stu_0027,jpms_s_0779,T2,1.0,1.0,1.0,0.0,中1,43.98980996306253,50.8612771119963,53.87405954331623
sim_stu_0027,jpms_s_0779,T3,2.0,4.0,2.0,0.0,中2,48.83081837730372,57.95281309720551,51.430470757538586
sim_stu_0027,jpms_s_0779,T4,3.0,9.0,3.0,0.0,中3,46.812946913808304,54.81751411523521,50.69191397038733
sim_stu_0027,jpms_s_0779,T5,6.0,36.0,3.0,3.0,高3,52.64096634592349,71.76709723425,65.60660890849796
sim_stu_0027,jpms_s_0779,T6,11.0,121.0,3.0,8.0,社会人5年,78.44580854954118,82.30176271536979,65.29829780781527
sim_stu_0028,jpms_s_0717,T1,0.0,0.0,0.0,0.0,入学前(age 12),47.894912198225946,59.813410662994805,48.580911932954805
sim_stu_0028,jpms_s_0717,T2,1.0,1.0,1.0,0.0,中1,55.451432426183736,52.38253647348422,51.04247648275425
sim_stu_0028,jpms_s_0717,T3,2.0,4.0,2.0,0.0,中2,70.80830969877677,69.17678204451619,57.906723940407474
sim_stu_0028,jpms_s_0717,T4,3.0,9.0,3.0,0.0,中3,63.155575417075205,64.95832818899879,67.9266547794573
sim_stu_0028,jpms_s_0717,T5,6.0,36.0,3.0,3.0,高3,76.82808124756546,75.6383342081298,66.78490549844007
sim_stu_0028,jpms_s_0717,T6,11.0,121.0,3.0,8.0,社会人5年,95.2676221263944,98.6478699497081,84.37858838656072
sim_stu_0029,jpms_s_0431,T1,0.0,0.0,0.0,0.0,入学前(age 12),52.285772648516954,57.250473323740486,51.454565799787076
sim_stu_0029,jpms_s_0431,T2,1.0,1.0,1.0,0.0,中1,55.3862733952759,65.40084960604754,52.656001744260514
sim_stu_0029,jpms_s_0431,T3,2.0,4.0,2.0,0.0,中2,62.25238699782203,71.90155046775998,65.63234566615657
sim_stu_0029,jpms_s_0431,T4,3.0,9.0,3.0,0.0,中3,67.41878018544179,69.99423869131235,68.66085193046672
sim_stu_0029,jpms_s_0431,T5,6.0,36.0,3.0,3.0,高3,65.40964639228741,77.85257138549666,74.03055847015932
sim_stu_0029,jpms_s_0431,T6,11.0,121.0,3.0,8.0,社会人5年,87.91453696386556,93.20733733268577,81.41299646839356
sim_stu_0030,jpms_s_0745,T1,0.0,0.0,0.0,0.0,入学前(age 12),54.310616812617475,55.39499747753635,39.97102471065715
sim_stu_0030,jpms_s_0745,T2,1.0,1.0,1.0,0.0,中1,57.288093868337754,60.61708576444935,55.56909825651037
sim_stu_0030,jpms_s_0745,T3,2.0,4.0,2.0,0.0,中2,51.59155689408362,66.73924455766688,52.713224950817164
sim_stu_0030,jpms_s_0745,T4,3.0,9.0,3.0,0.0,中3,52.23043980032133,69.68153834238706,67.8528712283543
sim_stu_0030,jpms_s_0745,T5,6.0,36.0,3.0,3.0,高3,74.36562177413222,69.11109612878884,68.69035889379799
sim_stu_0030,jpms_s_0745,T6,11.0,121.0,3.0,8.0,社会人5年,91.13862441139005,76.78077666865832,77.06266579699508
sim_stu_0031,jpms_s_0829,T1,0.0,0.0,0.0,0.0,入学前(age 12),55.887729864391716,56.38839263943993,55.744889113523065
sim_stu_0031,jpms_s_0829,T2,1.0,1.0,1.0,0.0,中1,55.789138211304646,62.11073945665629,64.59406394896347
sim_stu_0031,jpms_s_0829,T3,2.0,4.0,2.0,0.0,中2,71.9659924024162,64.2309893363414,61.64375968856302
sim_stu_0031,jpms_s_0829,T4,3.0,9.0,3.0,0.0,中3,62.73585806270396,68.06572232826849,72.61295508625409
sim_stu_0031,jpms_s_0829,T5,6.0,36.0,3.0,3.0,高3,79.93353227988038,82.2072920711707,73.3253857907772
sim_stu_0031,jpms_s_0829,T6,11.0,121.0,3.0,8.0,社会人5年,84.09673427482211,89.39006380771151,78.85558784554141
sim_stu_0032,jpms_s_0471,T1,0.0,0.0,0.0,0.0,入学前(age 12),37.070209338157945,45.69021184024556,48.299443219733234
sim_stu_0032,jpms_s_0471,T2,1.0,1.0,1.0,0.0,中1,55.25441872196044,51.17587035652942,44.30474199195179
sim_stu_0032,jpms_s_0471,T3,2.0,4.0,2.0,0.0,中2,51.51147287904557,61.83374281308043,53.601406317802095
sim_stu_0032,jpms_s_0471,T4,3.0,9.0,3.0,0.0,中3,59.80323568703088,70.80235636940233,59.940572701949066
sim_stu_0032,jpms_s_0471,T5,6.0,36.0,3.0,3.0,高3,55.477387761948115,74.13449936817567,59.8550835657717
sim_stu_0032,jpms_s_0471,T6,11.0,121.0,3.0,8.0,社会人5年,90.29504225259717,78.33948794726815,67.68822365758052
sim_stu_0033,jpms_s_0738,T1,0.0,0.0,0.0,0.0,入学前(age 12),44.90817276067817,46.00150537288895,36.57418842103938
sim_stu_0033,jpms_s_0738,T2,1.0,1.0,1.0,0.0,中1,53.19883810771533,49.87085533661484,49.508236976314116
sim_stu_0033,jpms_s_0738,T3,2.0,4.0,2.0,0.0,中2,52.962192503548714,57.2552201284863,51.29697392224673
sim_stu_0033,jpms_s_0738,T4,3.0,9.0,3.0,0.0,中3,53.60428379971612,69.47620819225813,54.953341696843374
sim_stu_0033,jpms_s_0738,T5,6.0,36.0,3.0,3.0,高3,56.054153069392605,66.44737035226878,67.85900421193566
sim_stu_0033,jpms_s_0738,T6,11.0,121.0,3.0,8.0,社会人5年,74.71512584761538,84.29195706089118,68.16071105762
sim_stu_0034,jpms_s_0459,T1,0.0,0.0,0.0,0.0,入学前(age 12),51.61030641418827,54.61468760461655,51.609322922220464
sim_stu_0034,jpms_s_0459,T2,1.0,1.0,1.0,0.0,中1,66.65077856595863,62.56394046033584,52.14766255997293
sim_stu_0034,jpms_s_0459,T3,2.0,4.0,2.0,0.0,中2,66.51565953191412,65.02603591524301,58.56303912510403
sim_stu_0034,jpms_s_0459,T4,3.0,9.0,3.0,0.0,中3,68.84299787452584,63.53995422262909,72.82808202456005
sim_stu_0034,jpms_s_0459,T5,6.0,36.0,3.0,3.0,高3,72.47366134121076,82.36757554242938,79.72560079705781
sim_stu_0034,jpms_s_0459,T6,11.0,121.0,3.0,8.0,社会人5年,86.67321882807886,86.03788791687425,82.38500741510565
sim_stu_0035,jpms_s_0481,T1,0.0,0.0,0.0,0.0,入学前(age 12),45.807684616794575,46.23296328180339,49.62716009179566
sim_stu_0035,jpms_s_0481,T2,1.0,1.0,1.0,0.0,中1,55.72518498372527,53.31250603692652,51.293283479497376
sim_stu_0035,jpms_s_0481,T3,2.0,4.0,2.0,0.0,中2,52.13277811202722,68.57029464099142,49.127205622448635
sim_stu_0035,jpms_s_0481,T4,3.0,9.0,3.0,0.0,中3,59.98487569827056,55.974334957969475,67.87428476230322
sim_stu_0035,jpms_s_0481,T5,6.0,36.0,3.0,3.0,高3,72.87353101409317,64.34880156065176,62.977240528446316
sim_stu_0035,jpms_s_0481,T6,11.0,121.0,3.0,8.0,社会人5年,93.9129537636207,83.47000957948619,65.86609508255715
sim_stu_0036,jpms_s_0761,T1,0.0,0.0,0.0,0.0,入学前(age 12),65.1754122392728,60.34088220512802,64.07205339595407
sim_stu_0036,jpms_s_0761,T2,1.0,1.0,1.0,0.0,中1,55.55761902708728,64.9829692809363,70.23135486930884
sim_stu_0036,jpms_s_0761,T3,2.0,4.0,2.0,0.0,中2,65.84623500822329,71.06748377986276,68.97424491741076
sim_stu_0036,jpms_s_0761,T4,3.0,9.0,3.0,0.0,中3,61.73486221679589,83.44615317763632,78.40116273553157
sim_stu_0036,jpms_s_0761,T5,6.0,36.0,3.0,3.0,高3,80.75956156667961,93.8838761738707,77.26816505272599
sim_stu_0036,jpms_s_0761,T6,11.0,121.0,3.0,8.0,社会人5年,97.567139762299,99.09333528771708,90.52599634125285
sim_stu_0037,jpms_s_0877,T1,0.0,0.0,0.0,0.0,入学前(age 12),43.2957564062896,45.93418443188737,44.843411460651275
sim_stu_0037,jpms_s_0877,T2,1.0,1.0,1.0,0.0,中1,57.312868210798044,58.62169687522537,57.57396690887513
sim_stu_0037,jpms_s_0877,T3,2.0,4.0,2.0,0.0,中2,57.454309897972934,67.6536850812509,62.45745692245512
sim_stu_0037,jpms_s_0877,T4,3.0,9.0,3.0,0.0,中3,53.862212334966735,65.0655555905219,57.171807536881765
sim_stu_0037,jpms_s_0877,T5,6.0,36.0,3.0,3.0,高3,78.05895090815731,79.612829647155,67.78063762956877
sim_stu_0037,jpms_s_0877,T6,11.0,121.0,3.0,8.0,社会人5年,85.51227140584528,88.8584686372179,74.18393953499582
sim_stu_0038,jpms_s_0787,T1,0.0,0.0,0.0,0.0,入学前(age 12),42.683671392505296,51.71094281641069,38.59095675871182
sim_stu_0038,jpms_s_0787,T2,1.0,1.0,1.0,0.0,中1,58.84196293535043,50.050579066130766,53.99495851495962
sim_stu_0038,jpms_s_0787,T3,2.0,4.0,2.0,0.0,中2,51.22267520025427,62.80277949388737,60.78256762735662
sim_stu_0038,jpms_s_0787,T4,3.0,9.0,3.0,0.0,中3,60.730045875451985,62.15218278166378,57.61271016055115
sim_stu_0038,jpms_s_0787,T5,6.0,36.0,3.0,3.0,高3,72.36028290089786,87.2027644565497,68.48531782213355
sim_stu_0038,jpms_s_0787,T6,11.0,121.0,3.0,8.0,社会人5年,84.72348598378828,89.32005119517892,80.94637099820675
sim_stu_0039,jpms_s_0738,T1,0.0,0.0,0.0,0.0,入学前(age 12),52.7674125152155,46.48158905980487,46.366825850272406
sim_stu_0039,jpms_s_0738,T2,1.0,1.0,1.0,0.0,中1,51.82652195956029,57.16590191005807,57.92495958391243
sim_stu_0039,jpms_s_0738,T3,2.0,4.0,2.0,0.0,中2,57.34140894950392,53.84725626261785,56.15150347074616
sim_stu_0039,jpms_s_0738,T4,3.0,9.0,3.0,0.0,中3,57.965080883311806,71.04265608269624,59.85160447420124
sim_stu_0039,jpms_s_0738,T5,6.0,36.0,3.0,3.0,高3,67.22436439533253,75.47890741004535,69.37450253199403
sim_stu_0039,jpms_s_0738,T6,11.0,121.0,3.0,8.0,社会人5年,82.70132711331877,89.57575626827217,83.20582849583144
sim_stu_0040,jpms_s_0008,T1,0.0,0.0,0.0,0.0,入学前(age 12),41.89222901390911,49.187198878401794,46.78319737630274
sim_stu_0040,jpms_s_0008,T2,1.0,1.0,1.0,0.0,中1,43.04829983667735,55.35356621493864,42.35086070808524
sim_stu_0040,jpms_s_0008,T3,2.0,4.0,2.0,0.0,中2,58.85945264948407,67.8684096286179,53.54235922921118
sim_stu_0040,jpms_s_0008,T4,3.0,9.0,3.0,0.0,中3,48.775016524137925,56.98737573412198,53.02787154782229
sim_stu_0040,jpms_s_0008,T5,6.0,36.0,3.0,3.0,高3,67.03060019222208,76.53415724515453,66.17595755413446
sim_stu_0040,jpms_s_0008,T6,11.0,121.0,3.0,8.0,社会人5年,83.59318757306691,79.90182059155852,81.90206532730048
sim_stu_0041,jpms_s_0653,T1,0.0,0.0,0.0,0.0,入学前(age 12),34.47513590360548,46.30396783277486,40.958877496527705
sim_stu_0041,jpms_s_0653,T2,1.0,1.0,1.0,0.0,中1,44.29053730304784,49.28187630079035,50.43295084778188
sim_stu_0041,jpms_s_0653,T3,2.0,4.0,2.0,0.0,中2,57.45148502882128,47.93537503435638,47.98646816388121
sim_stu_0041,jpms_s_0653,T4,3.0,9.0,3.0,0.0,中3,56.048021750665654,60.765627054361374,56.93809445414753
sim_stu_0041,jpms_s_0653,T5,6.0,36.0,3.0,3.0,高3,59.40736640348915,70.44492088795451,58.334201023845424
sim_stu_0041,jpms_s_0653,T6,11.0,121.0,3.0,8.0,社会人5年,75.64140925277118,68.14382196652682,64.35687951348923
sim_stu_0042,jpms_s_0903,T1,0.0,0.0,0.0,0.0,入学前(age 12),52.065033708714935,58.94350043762173,49.577393079925905
sim_stu_0042,jpms_s_0903,T2,1.0,1.0,1.0,0.0,中1,65.15364786517102,67.45002233394453,52.956339868508906
sim_stu_0042,jpms_s_0903,T3,2.0,4.0,2.0,0.0,中2,60.9900038508911,67.33399986294768,63.65084497569296
sim_stu_0042,jpms_s_0903,T4,3.0,9.0,3.0,0.0,中3,62.70430875608975,69.67496696701345,69.42776838455904
sim_stu_0042,jpms_s_0903,T5,6.0,36.0,3.0,3.0,高3,75.09611175274206,82.9160547108012,75.08206902476758
sim_stu_0042,jpms_s_0903,T6,11.0,121.0,3.0,8.0,社会人5年,96.99510372462281,85.04899221686476,81.81898523903695
sim_stu_0043,jpms_s_0606,T1,0.0,0.0,0.0,0.0,入学前(age 12),48.71661547393528,46.77193165714837,35.16866521883591
sim_stu_0043,jpms_s_0606,T2,1.0,1.0,1.0,0.0,中1,50.843449032428104,54.9536657470074,59.022559796885254
sim_stu_0043,jpms_s_0606,T3,2.0,4.0,2.0,0.0,中2,58.33516841864325,55.16075845583512,45.827236258953945
sim_stu_0043,jpms_s_0606,T4,3.0,9.0,3.0,0.0,中3,58.656532381916826,62.482739865060225,54.98434033086458
sim_stu_0043,jpms_s_0606,T5,6.0,36.0,3.0,3.0,高3,53.87391055629335,67.45249970210888,63.63101941815433
sim_stu_0043,jpms_s_0606,T6,11.0,121.0,3.0,8.0,社会人5年,76.33232816531773,72.19779853727069,80.43480442242978
sim_stu_0044,jpms_s_0915,T1,0.0,0.0,0.0,0.0,入学前(age 12),52.40465866142621,47.1031431522445,55.51533280906483
sim_stu_0044,jpms_s_0915,T2,1.0,1.0,1.0,0.0,中1,46.25320616912427,46.20300306370792,51.372732897093975
sim_stu_0044,jpms_s_0915,T3,2.0,4.0,2.0,0.0,中2,56.45336085080701,59.087168232746066,48.954861392838
sim_stu_0044,jpms_s_0915,T4,3.0,9.0,3.0,0.0,中3,57.1027469777068,52.8084395881225,55.92054862541544
sim_stu_0044,jpms_s_0915,T5,6.0,36.0,3.0,3.0,高3,74.48453187503574,69.41744006109293,65.23540302016607
sim_stu_0044,jpms_s_0915,T6,11.0,121.0,3.0,8.0,社会人5年,86.81210225010392,88.54725559833278,77.98097406967295
sim_stu_0045,jpms_s_0413,T1,0.0,0.0,0.0,0.0,入学前(age 12),52.273133411697785,61.36354481438603,63.5132350450279
sim_stu_0045,jpms_s_0413,T2,1.0,1.0,1.0,0.0,中1,56.97048406581109,64.074587981656,60.77394803668464
sim_stu_0045,jpms_s_0413,T3,2.0,4.0,2.0,0.0,中2,60.9275187657273,68.3638187673495,65.71111791832904
sim_stu_0045,jpms_s_0413,T4,3.0,9.0,3.0,0.0,中3,64.82019806575165,70.90975907503179,73.5645366746576
sim_stu_0045,jpms_s_0413,T5,6.0,36.0,3.0,3.0,高3,84.3400561062183,92.87978928942334,82.23996678495035
sim_stu_0045,jpms_s_0413,T6,11.0,121.0,3.0,8.0,社会人5年,99.52394658580766,90.34631847798772,85.98816754418506
sim_stu_0046,jpms_s_0475,T1,0.0,0.0,0.0,0.0,入学前(age 12),73.80724716044979,58.73310767845419,61.391275887314954
sim_stu_0046,jpms_s_0475,T2,1.0,1.0,1.0,0.0,中1,73.74817109731654,70.14764850754119,65.03991828278785
sim_stu_0046,jpms_s_0475,T3,2.0,4.0,2.0,0.0,中2,64.96506521805753,69.85301567729624,65.27022591970504
sim_stu_0046,jpms_s_0475,T4,3.0,9.0,3.0,0.0,中3,76.39447299133,68.90147733393675,83.41163490745156
sim_stu_0046,jpms_s_0475,T5,6.0,36.0,3.0,3.0,高3,86.62016741824723,89.21607634830193,81.16552609372287
sim_stu_0046,jpms_s_0475,T6,11.0,121.0,3.0,8.0,社会人5年,105.6591367028552,107.92151312681065,89.2867082762405
sim_stu_0047,jpms_s_0503,T1,0.0,0.0,0.0,0.0,入学前(age 12),26.14290037434235,33.7781966671433,33.35147346868413
sim_stu_0047,jpms_s_0503,T2,1.0,1.0,1.0,0.0,中1,35.84110713544324,38.03997095255379,40.93266873943037
sim_stu_0047,jpms_s_0503,T3,2.0,4.0,2.0,0.0,中2,39.86588290585263,53.880623334624275,46.46280034175386
sim_stu_0047,jpms_s_0503,T4,3.0,9.0,3.0,0.0,中3,45.72005762554937,41.20192696566659,49.731674757005976
sim_stu_0047,jpms_s_0503,T5,6.0,36.0,3.0,3.0,高3,55.066637250974374,57.259677815973106,52.75899483165812
sim_stu_0047,jpms_s_0503,T6,11.0,121.0,3.0,8.0,社会人5年,73.6597316252058,74.87769693428595,59.30754672968957
sim_stu_0048,jpms_s_0166,T1,0.0,0.0,0.0,0.0,入学前(age 12),54.5353648240167,54.53503148941948,47.928907692599616
sim_stu_0048,jpms_s_0166,T2,1.0,1.0,1.0,0.0,中1,56.807490390337335,54.58309446874797,60.13551616621852
sim_stu_0048,jpms_s_0166,T3,2.0,4.0,2.0,0.0,中2,59.59217022112529,61.69658506514199,52.791099929461545
sim_stu_0048,jpms_s_0166,T4,3.0,9.0,3.0,0.0,中3,68.29173077428197,68.52395003768683,65.28654331369543
sim_stu_0048,jpms_s_0166,T5,6.0,36.0,3.0,3.0,高3,75.6113978317774,84.59638711503437,81.7391553652248
sim_stu_0048,jpms_s_0166,T6,11.0,121.0,3.0,8.0,社会人5年,90.39747162266467,87.67056962482769,90.95815891076742
sim_stu_0049,jpms_s_0632,T1,0.0,0.0,0.0,0.0,入学前(age 12),52.478415064397275,50.64794350075629,55.11820665302033
sim_stu_0049,jpms_s_0632,T2,1.0,1.0,1.0,0.0,中1,52.049171637195315,62.717079252433074,48.91046712954173
sim_stu_0049,jpms_s_0632,T3,2.0,4.0,2.0,0.0,中2,48.518063118609874,58.140464611656895,55.14006875583867
sim_stu_0049,jpms_s_0632,T4,3.0,9.0,3.0,0.0,中3,65.06632638494418,69.04575094583717,63.14632464766359
sim_stu_0049,jpms_s_0632,T5,6.0,36.0,3.0,3.0,高3,69.04083395190737,75.38317098879516,76.50841554452819
sim_stu_0049,jpms_s_0632,T6,11.0,121.0,3.0,8.0,社会人5年,83.99358651163467,81.96452393177559,75.00474760080635
sim_stu_0050,jpms_s_0831,T1,0.0,0.0,0.0,0.0,入学前(age 12),49.27836804929366,45.840305718849685,48.54307282371646
sim_stu_0050,jpms_s_0831,T2,1.0,1.0,1.0,0.0,中1,52.60881912625206,59.61796186131522,48.394356733314666
sim_stu_0050,jpms_s_0831,T3,2.0,4.0,2.0,0.0,中2,61.148158813915664,66.62944017580139,69.27188312993994
sim_stu_0050,jpms_s_0831,T4,3.0,9.0,3.0,0.0,中3,52.500852999347146,62.44645042976478,66.43813875558573
sim_stu_0050,jpms_s_0831,T5,6.0,36.0,3.0,3.0,高3,63.71595733833927,77.48805745329699,74.95509851127925
sim_stu_0050,jpms_s_0831,T6,11.0,121.0,3.0,8.0,社会人5年,107.02704717604264,85.53177833691427,72.11920655296764
sim_stu_0051,jpms_s_0481,T1,0.0,0.0,0.0,0.0,入学前(age 12),50.443324637074596,49.2004164658678,49.51049410366755
sim_stu_0051,jpms_s_0481,T2,1.0,1.0,1.0,0.0,中1,47.518707069611786,46.810161206201215,52.106152107335106
sim_stu_0051,jpms_s_0481,T3,2.0,4.0,2.0,0.0,中2,51.88560808981981,61.934627933426874,55.343803100297166
sim_stu_0051,jpms_s_0481,T4,3.0,9.0,3.0,0.0,中3,62.27462260327553,60.48290061359476,58.46204599440395
sim_stu_0051,jpms_s_0481,T5,6.0,36.0,3.0,3.0,高3,63.22517428117058,78.756767333804,70.17518726943908
sim_stu_0051,jpms_s_0481,T6,11.0,121.0,3.0,8.0,社会人5年,84.32469115000059,78.36540945641491,69.76539039018301
sim_stu_0052,jpms_s_0192,T1,0.0,0.0,0.0,0.0,入学前(age 12),52.21354793380521,53.726282782155984,49.39442841432592
sim_stu_0052,jpms_s_0192,T2,1.0,1.0,1.0,0.0,中1,65.59912190426385,56.57414446659872,52.09609166299055
sim_stu_0052,jpms_s_0192,T3,2.0,4.0,2.0,0.0,中2,51.68187833602478,52.87866038598844,50.31827267946353
sim_stu_0052,jpms_s_0192,T4,3.0,9.0,3.0,0.0,中3,56.99245151658929,68.24179850922616,57.76267119196692
sim_stu_0052,jpms_s_0192,T5,6.0,36.0,3.0,3.0,高3,74.68641737082604,72.58575986033881,76.62386931963437
sim_stu_0052,jpms_s_0192,T6,11.0,121.0,3.0,8.0,社会人5年,83.15752834396947,79.53792460675052,76.59932294507166
sim_stu_0053,jpms_s_0149,T1,0.0,0.0,0.0,0.0,入学前(age 12),39.17633374044037,36.572773356782676,41.71195628594056
sim_stu_0053,jpms_s_0149,T2,1.0,1.0,1.0,0.0,中1,38.6917433508852,45.85415665570712,42.065409975526876
sim_stu_0053,jpms_s_0149,T3,2.0,4.0,2.0,0.0,中2,42.365164148797184,53.44841210828508,52.98566246809022
sim_stu_0053,jpms_s_0149,T4,3.0,9.0,3.0,0.0,中3,50.25386908529143,62.70156289638334,49.5768386344741
sim_stu_0053,jpms_s_0149,T5,6.0,36.0,3.0,3.0,高3,46.988853820766764,68.69360542966973,50.973218215424126
sim_stu_0053,jpms_s_0149,T6,11.0,121.0,3.0,8.0,社会人5年,80.60324638913004,80.6258056390554,64.95494825566406
sim_stu_0054,jpms_s_0777,T1,0.0,0.0,0.0,0.0,入学前(age 12),41.106116603539945,36.97037667798052,43.38095054294137
sim_stu_0054,jpms_s_0777,T2,1.0,1.0,1.0,0.0,中1,40.94220404205398,46.01794030385601,53.13409184813976
sim_stu_0054,jpms_s_0777,T3,2.0,4.0,2.0,0.0,中2,60.373151182764424,62.12081281712579,62.506930481225865
sim_stu_0054,jpms_s_0777,T4,3.0,9.0,3.0,0.0,中3,56.214478131047684,65.49688000860607,60.36068885390219
sim_stu_0054,jpms_s_0777,T5,6.0,36.0,3.0,3.0,高3,68.06543219862485,65.0595367462411,62.52740933782141
sim_stu_0054,jpms_s_0777,T6,11.0,121.0,3.0,8.0,社会人5年,82.8066646915842,76.98668367985222,69.48660385536581
sim_stu_0055,jpms_s_0206,T1,0.0,0.0,0.0,0.0,入学前(age 12),51.70511214790408,54.73181843730931,57.668204297298196
sim_stu_0055,jpms_s_0206,T2,1.0,1.0,1.0,0.0,中1,46.8986671342809,59.23560836385518,54.57477587644229
sim_stu_0055,jpms_s_0206,T3,2.0,4.0,2.0,0.0,中2,60.54454838660151,62.777158462660836,63.5416179193382
sim_stu_0055,jpms_s_0206,T4,3.0,9.0,3.0,0.0,中3,55.554682146142206,76.03564104517815,67.72195874510234
sim_stu_0055,jpms_s_0206,T5,6.0,36.0,3.0,3.0,高3,76.30196311717648,72.52747541543076,71.47912160425432
sim_stu_0055,jpms_s_0206,T6,11.0,121.0,3.0,8.0,社会人5年,88.19061376033763,83.56087903767752,74.9817958482461
sim_stu_0056,jpms_s_0220,T1,0.0,0.0,0.0,0.0,入学前(age 12),41.0386972828448,42.803425806284736,36.325570307310635
sim_stu_0056,jpms_s_0220,T2,1.0,1.0,1.0,0.0,中1,43.5653201864488,43.4782927644269,42.346582195477346
sim_stu_0056,jpms_s_0220,T3,2.0,4.0,2.0,0.0,中2,48.24211879466019,41.940721044384,47.88143085226068
sim_stu_0056,jpms_s_0220,T4,3.0,9.0,3.0,0.0,中3,52.40168395336709,49.526567641662254,51.832191443536566
sim_stu_0056,jpms_s_0220,T5,6.0,36.0,3.0,3.0,高3,56.16127826429191,65.0493250985875,57.64740996566405
sim_stu_0056,jpms_s_0220,T6,11.0,121.0,3.0,8.0,社会人5年,78.7322896797943,78.52419306351172,69.87903213179112
sim_stu_0057,jpms_s_0758,T1,0.0,0.0,0.0,0.0,入学前(age 12),62.41635434823148,42.51516579791659,46.440105730448245
sim_stu_0057,jpms_s_0758,T2,1.0,1.0,1.0,0.0,中1,52.977228171618,50.584571553778204,55.1188028045991
sim_stu_0057,jpms_s_0758,T3,2.0,4.0,2.0,0.0,中2,59.134213394129596,56.461272639122896,56.51411322756291
sim_stu_0057,jpms_s_0758,T4,3.0,9.0,3.0,0.0,中3,54.82083088581661,73.82465974425764,61.48452789138949
sim_stu_0057,jpms_s_0758,T5,6.0,36.0,3.0,3.0,高3,83.15264916095086,72.91630844341051,61.091954918612835
sim_stu_0057,jpms_s_0758,T6,11.0,121.0,3.0,8.0,社会人5年,96.04709927776629,89.26168112684311,85.06194577347351
sim_stu_0058,jpms_s_0652,T1,0.0,0.0,0.0,0.0,入学前(age 12),66.98132897057695,69.9001153682461,65.55906477473356
sim_stu_0058,jpms_s_0652,T2,1.0,1.0,1.0,0.0,中1,69.4190613480292,67.37244651781602,70.00424959008141
sim_stu_0058,jpms_s_0652,T3,2.0,4.0,2.0,0.0,中2,73.46982521914913,69.29511602833708,73.05749403066669
sim_stu_0058,jpms_s_0652,T4,3.0,9.0,3.0,0.0,中3,69.12498561730362,85.84959781038128,74.18853022699355
sim_stu_0058,jpms_s_0652,T5,6.0,36.0,3.0,3.0,高3,88.09535802119295,99.48781663142572,76.30301880428016
sim_stu_0058,jpms_s_0652,T6,11.0,121.0,3.0,8.0,社会人5年,103.741225244497,98.6944786586637,93.5759166548867
sim_stu_0059,jpms_s_0645,T1,0.0,0.0,0.0,0.0,入学前(age 12),52.83231659838231,45.02572663978594,53.136891179608284
sim_stu_0059,jpms_s_0645,T2,1.0,1.0,1.0,0.0,中1,54.662810968888536,43.02678106854271,62.02554886843781
sim_stu_0059,jpms_s_0645,T3,2.0,4.0,2.0,0.0,中2,56.61342890198648,57.4771649028361,49.62910297666013
sim_stu_0059,jpms_s_0645,T4,3.0,9.0,3.0,0.0,中3,57.3856123416035,59.57860196428533,56.0163109845596
sim_stu_0059,jpms_s_0645,T5,6.0,36.0,3.0,3.0,高3,74.97586400780216,83.14792051429475,73.10783947906998
sim_stu_0059,jpms_s_0645,T6,11.0,121.0,3.0,8.0,社会人5年,82.18903528941121,81.7039051999517,67.29301038816602
sim_stu_0060,jpms_s_0498,T1,0.0,0.0,0.0,0.0,入学前(age 12),56.049390782332615,45.96078610376938,50.803530816097414
sim_stu_0060,jpms_s_0498,T2,1.0,1.0,1.0,0.0,中1,60.42689919870466,49.38841978061111,66.67381548797594
sim_stu_0060,jpms_s_0498,T3,2.0,4.0,2.0,0.0,中2,59.63440446536551,64.27069746029507,60.099488380137764
sim_stu_0060,jpms_s_0498,T4,3.0,9.0,3.0,0.0,中3,54.053327032523335,67.27142524572731,62.79341057204566
sim_stu_0060,jpms_s_0498,T5,6.0,36.0,3.0,3.0,高3,62.03779416323538,83.0236300494605,70.98852902805662
sim_stu_0060,jpms_s_0498,T6,11.0,121.0,3.0,8.0,社会人5年,99.32066161883277,80.86774487411657,75.88337340587269
sim_stu_0061,jpms_s_0422,T1,0.0,0.0,0.0,0.0,入学前(age 12),64.0150116572088,56.13126401565742,57.43908697120176
sim_stu_0061,jpms_s_0422,T2,1.0,1.0,1.0,0.0,中1,52.15385723762754,55.52810231462637,52.47569530463254
sim_stu_0061,jpms_s_0422,T3,2.0,4.0,2.0,0.0,中2,61.17551837476833,63.997739746427015,65.4703002031132
sim_stu_0061,jpms_s_0422,T4,3.0,9.0,3.0,0.0,中3,59.451955532217816,70.15871075255356,70.8707569306592
sim_stu_0061,jpms_s_0422,T5,6.0,36.0,3.0,3.0,高3,80.7188986014416,76.75879291925571,75.85828568214409
sim_stu_0061,jpms_s_0422,T6,11.0,121.0,3.0,8.0,社会人5年,104.508281731249,97.99707094673637,76.65684266651701
sim_stu_0062,jpms_s_0406,T1,0.0,0.0,0.0,0.0,入学前(age 12),57.747302561242904,52.38223040379253,50.236220015033396
sim_stu_0062,jpms_s_0406,T2,1.0,1.0,1.0,0.0,中1,58.524634447325155,57.2690148270708,54.90680277782254
sim_stu_0062,jpms_s_0406,T3,2.0,4.0,2.0,0.0,中2,60.23902497488733,61.54239387898583,58.17577004896951
sim_stu_0062,jpms_s_0406,T4,3.0,9.0,3.0,0.0,中3,70.51844542929419,62.06688405452042,69.57681800350926
sim_stu_0062,jpms_s_0406,T5,6.0,36.0,3.0,3.0,高3,75.74737585274728,85.72213226272008,83.13533847804261
sim_stu_0062,jpms_s_0406,T6,11.0,121.0,3.0,8.0,社会人5年,93.55844337609722,82.03162574643,73.38320903487889
sim_stu_0063,jpms_s_0740,T1,0.0,0.0,0.0,0.0,入学前(age 12),47.76320348176964,45.47207769132934,53.38486275840398
sim_stu_0063,jpms_s_0740,T2,1.0,1.0,1.0,0.0,中1,51.707790199700206,48.499879996879066,60.98232276255871
sim_stu_0063,jpms_s_0740,T3,2.0,4.0,2.0,0.0,中2,57.593989534258576,59.1516860225208,68.3909278507214
sim_stu_0063,jpms_s_0740,T4,3.0,9.0,3.0,0.0,中3,59.34572919034659,56.4465755956081,55.99144003419301
sim_stu_0063,jpms_s_0740,T5,6.0,36.0,3.0,3.0,高3,59.47313954939104,70.34268997237032,62.359846543135774
sim_stu_0063,jpms_s_0740,T6,11.0,121.0,3.0,8.0,社会人5年,84.92091604330973,77.2342502902266,67.65833995405195
sim_stu_0064,jpms_s_0644,T1,0.0,0.0,0.0,0.0,入学前(age 12),58.43701955934642,53.63425113836898,52.06799107003414
sim_stu_0064,jpms_s_0644,T2,1.0,1.0,1.0,0.0,中1,55.038368900352665,65.2520451259668,59.82616310060125
sim_stu_0064,jpms_s_0644,T3,2.0,4.0,2.0,0.0,中2,67.6862305134727,63.79176005016963,70.61336882182691
sim_stu_0064,jpms_s_0644,T4,3.0,9.0,3.0,0.0,中3,61.8621143463893,73.5515647581882,67.71131682863451
sim_stu_0064,jpms_s_0644,T5,6.0,36.0,3.0,3.0,高3,80.45781742537388,92.49664804449212,75.19407173081527
sim_stu_0064,jpms_s_0644,T6,11.0,121.0,3.0,8.0,社会人5年,104.33602469160158,96.80669630863207,80.20128424642515
sim_stu_0065,jpms_s_0483,T1,0.0,0.0,0.0,0.0,入学前(age 12),48.82029990557026,56.91159295906026,45.63095966845028
sim_stu_0065,jpms_s_0483,T2,1.0,1.0,1.0,0.0,中1,55.12719110287822,47.716059326386215,50.26652951288281
sim_stu_0065,jpms_s_0483,T3,2.0,4.0,2.0,0.0,中2,48.70468803681021,55.97155573088994,64.8677246999479
sim_stu_0065,jpms_s_0483,T4,3.0,9.0,3.0,0.0,中3,56.43415033691683,63.50454649359207,66.1675760400389
sim_stu_0065,jpms_s_0483,T5,6.0,36.0,3.0,3.0,高3,63.44441215641276,76.79435842383816,71.39502070196983
sim_stu_0065,jpms_s_0483,T6,11.0,121.0,3.0,8.0,社会人5年,85.96489117475137,79.65524190209615,79.53871755990777
sim_stu_0066,jpms_s_0902,T1,0.0,0.0,0.0,0.0,入学前(age 12),62.18233651617122,55.10952945370282,58.1412956425152
sim_stu_0066,jpms_s_0902,T2,1.0,1.0,1.0,0.0,中1,62.19465964873446,55.66814195079943,53.439403435864556
sim_stu_0066,jpms_s_0902,T3,2.0,4.0,2.0,0.0,中2,53.27818579042506,71.00146128966342,67.91309127795084
sim_stu_0066,jpms_s_0902,T4,3.0,9.0,3.0,0.0,中3,60.944782092427175,63.57054281853479,68.75492379005681
sim_stu_0066,jpms_s_0902,T5,6.0,36.0,3.0,3.0,高3,75.73600940365137,69.86442967081537,66.5379148995364
sim_stu_0066,jpms_s_0902,T6,11.0,121.0,3.0,8.0,社会人5年,93.87914174708298,89.57781038982917,87.76482669552163
sim_stu_0067,jpms_s_0160,T1,0.0,0.0,0.0,0.0,入学前(age 12),52.65078235185223,44.93660327346979,51.46659359884687
sim_stu_0067,jpms_s_0160,T2,1.0,1.0,1.0,0.0,中1,55.14041303265872,55.44097235798477,58.749671929234225
sim_stu_0067,jpms_s_0160,T3,2.0,4.0,2.0,0.0,中2,49.135024402859415,62.75922320819327,52.431483634434684
sim_stu_0067,jpms_s_0160,T4,3.0,9.0,3.0,0.0,中3,61.17667863322124,67.84362719541869,72.00710212309725
sim_stu_0067,jpms_s_0160,T5,6.0,36.0,3.0,3.0,高3,70.81798864180801,66.93614027931804,70.11423106419444
sim_stu_0067,jpms_s_0160,T6,11.0,121.0,3.0,8.0,社会人5年,90.91977294596799,82.99144078291877,79.61107825531977
sim_stu_0068,jpms_s_0009,T1,0.0,0.0,0.0,0.0,入学前(age 12),48.08636886424911,46.494016035828714,38.98093160753571
sim_stu_0068,jpms_s_0009,T2,1.0,1.0,1.0,0.0,中1,57.35717891038004,57.56017144295622,45.912564061409334
sim_stu_0068,jpms_s_0009,T3,2.0,4.0,2.0,0.0,中2,56.354108982338715,54.50471845031462,38.795710465834574
sim_stu_0068,jpms_s_0009,T4,3.0,9.0,3.0,0.0,中3,68.607406435623,66.68691533501429,65.71082158264085
sim_stu_0068,jpms_s_0009,T5,6.0,36.0,3.0,3.0,高3,64.20594439246702,78.52144700748075,69.40281815558458
sim_stu_0068,jpms_s_0009,T6,11.0,121.0,3.0,8.0,社会人5年,84.83163324503968,78.35971505148373,60.367433976971434
sim_stu_0069,jpms_s_0456,T1,0.0,0.0,0.0,0.0,入学前(age 12),51.5044282163618,50.12734605238884,46.887643132317635
sim_stu_0069,jpms_s_0456,T2,1.0,1.0,1.0,0.0,中1,51.312926691663414,64.79664696689204,56.74220611129133
sim_stu_0069,jpms_s_0456,T3,2.0,4.0,2.0,0.0,中2,61.33083604169131,59.36524117982641,50.41716836353078
sim_stu_0069,jpms_s_0456,T4,3.0,9.0,3.0,0.0,中3,62.040648263714694,59.66154655925817,58.790319843923
sim_stu_0069,jpms_s_0456,T5,6.0,36.0,3.0,3.0,高3,69.24670510041702,77.45207446583365,72.14741239834795
sim_stu_0069,jpms_s_0456,T6,11.0,121.0,3.0,8.0,社会人5年,94.95517684983736,82.53588750169502,68.69655215321154
sim_stu_0070,jpms_s_0196,T1,0.0,0.0,0.0,0.0,入学前(age 12),44.090881585902146,44.48035590988028,37.04599018441805
sim_stu_0070,jpms_s_0196,T2,1.0,1.0,1.0,0.0,中1,56.251369774141054,46.247514970734954,48.67925529378888
sim_stu_0070,jpms_s_0196,T3,2.0,4.0,2.0,0.0,中2,47.734948289854366,39.99212645246934,49.32210543279539
sim_stu_0070,jpms_s_0196,T4,3.0,9.0,3.0,0.0,中3,46.40943529717884,55.82321110167007,62.37166528994972
sim_stu_0070,jpms_s_0196,T5,6.0,36.0,3.0,3.0,高3,70.01514051979329,71.59004879795467,59.130198258218584
sim_stu_0070,jpms_s_0196,T6,11.0,121.0,3.0,8.0,社会人5年,69.13506584121042,82.27816274130386,69.29539497689332
sim_stu_0071,jpms_s_0765,T1,0.0,0.0,0.0,0.0,入学前(age 12),52.65729144307286,49.064338161762464,53.718212092715646
sim_stu_0071,jpms_s_0765,T2,1.0,1.0,1.0,0.0,中1,53.47875147267706,56.828329496726376,57.37610168483158
sim_stu_0071,jpms_s_0765,T3,2.0,4.0,2.0,0.0,中2,55.925476701039166,65.89772441745443,61.38139621332018
sim_stu_0071,jpms_s_0765,T4,3.0,9.0,3.0,0.0,中3,57.26351417495559,59.5061466725527,56.92952788323378
sim_stu_0071,jpms_s_0765,T5,6.0,36.0,3.0,3.0,高3,69.4842812853787,68.23925523618168,64.24781881092532
sim_stu_0071,jpms_s_0765,T6,11.0,121.0,3.0,8.0,社会人5年,96.62183836061511,90.56742866745891,83.8486967992635
sim_stu_0072,jpms_s_0891,T1,0.0,0.0,0.0,0.0,入学前(age 12),38.517956375868216,42.50874570816093,45.01115940178789
sim_stu_0072,jpms_s_0891,T2,1.0,1.0,1.0,0.0,中1,47.48660970832302,51.394876415784736,49.837030586335224
sim_stu_0072,jpms_s_0891,T3,2.0,4.0,2.0,0.0,中2,48.3217811026908,53.0756213427883,48.36425245462716
sim_stu_0072,jpms_s_0891,T4,3.0,9.0,3.0,0.0,中3,59.52576254582224,57.375820969322106,55.57771131543663
sim_stu_0072,jpms_s_0891,T5,6.0,36.0,3.0,3.0,高3,69.00863466952315,69.14097893574774,64.38998286914534
sim_stu_0072,jpms_s_0891,T6,11.0,121.0,3.0,8.0,社会人5年,74.75329269421617,79.4165812119373,69.48101264037479
sim_stu_0073,jpms_s_0066,T1,0.0,0.0,0.0,0.0,入学前(age 12),70.55968335211718,61.23473918039671,56.70140054938134
sim_stu_0073,jpms_s_0066,T2,1.0,1.0,1.0,0.0,中1,74.13743516138638,65.60531232897107,70.42152461018969
sim_stu_0073,jpms_s_0066,T3,2.0,4.0,2.0,0.0,中2,63.8488975090956,68.2521843720733,66.59003665479283
sim_stu_0073,jpms_s_0066,T4,3.0,9.0,3.0,0.0,中3,62.59721803154902,72.31974701547807,74.0724036816239
sim_stu_0073,jpms_s_0066,T5,6.0,36.0,3.0,3.0,高3,75.11604026399046,81.20572242648414,79.06694550947361
sim_stu_0073,jpms_s_0066,T6,11.0,121.0,3.0,8.0,社会人5年,91.38156515532171,87.70097882882759,93.29978007665946
sim_stu_0074,jpms_s_0908,T1,0.0,0.0,0.0,0.0,入学前(age 12),43.92487939039995,51.72749725292884,45.65452095140539
sim_stu_0074,jpms_s_0908,T2,1.0,1.0,1.0,0.0,中1,46.761107781467786,55.07859836988443,39.67154958228574
sim_stu_0074,jpms_s_0908,T3,2.0,4.0,2.0,0.0,中2,53.5730661240262,56.71721134667285,43.258004614037375
sim_stu_0074,jpms_s_0908,T4,3.0,9.0,3.0,0.0,中3,49.26768802376343,59.939499389126325,60.16258077976191
sim_stu_0074,jpms_s_0908,T5,6.0,36.0,3.0,3.0,高3,67.18283277280447,69.1777904825986,69.52889645409638
sim_stu_0074,jpms_s_0908,T6,11.0,121.0,3.0,8.0,社会人5年,87.58895731068733,74.68068203644528,79.26264673703511
sim_stu_0075,jpms_s_0401,T1,0.0,0.0,0.0,0.0,入学前(age 12),45.220373044741,50.97897999860966,47.939497676021865
sim_stu_0075,jpms_s_0401,T2,1.0,1.0,1.0,0.0,中1,55.183764545561836,59.16365639526706,60.40992195203504
sim_stu_0075,jpms_s_0401,T3,2.0,4.0,2.0,0.0,中2,59.22454256987614,64.50407907396865,61.512567310979
sim_stu_0075,jpms_s_0401,T4,3.0,9.0,3.0,0.0,中3,60.32750671897401,70.64937892745134,67.77419548883856
sim_stu_0075,jpms_s_0401,T5,6.0,36.0,3.0,3.0,高3,70.72708195284515,72.91790488781099,72.01162731413909
sim_stu_0075,jpms_s_0401,T6,11.0,121.0,3.0,8.0,社会人5年,84.88407370055131,90.37845457779943,74.67966183319717
sim_stu_0076,jpms_s_0620,T1,0.0,0.0,0.0,0.0,入学前(age 12),57.89864282623753,41.20759925700898,57.67000128925924
sim_stu_0076,jpms_s_0620,T2,1.0,1.0,1.0,0.0,中1,63.360783393286255,62.41689822120515,58.856863892793754
sim_stu_0076,jpms_s_0620,T3,2.0,4.0,2.0,0.0,中2,60.339113631330605,62.84920348613675,64.89350185803939
sim_stu_0076,jpms_s_0620,T4,3.0,9.0,3.0,0.0,中3,63.48300678781059,67.43305098084964,65.223286293607
sim_stu_0076,jpms_s_0620,T5,6.0,36.0,3.0,3.0,高3,70.74681245063509,78.31738404092754,70.07947826734798
sim_stu_0076,jpms_s_0620,T6,11.0,121.0,3.0,8.0,社会人5年,85.2655108033616,88.34253232433274,70.78800530285203
sim_stu_0077,jpms_s_0469,T1,0.0,0.0,0.0,0.0,入学前(age 12),54.14339252044891,52.3714286433944,57.014830319686155
sim_stu_0077,jpms_s_0469,T2,1.0,1.0,1.0,0.0,中1,57.80729054871612,55.942944576123715,53.948906058059315
sim_stu_0077,jpms_s_0469,T3,2.0,4.0,2.0,0.0,中2,57.36026139903023,72.9670100736611,63.394427753568095
sim_stu_0077,jpms_s_0469,T4,3.0,9.0,3.0,0.0,中3,66.92558933717527,68.67476862725435,56.922501563430785
sim_stu_0077,jpms_s_0469,T5,6.0,36.0,3.0,3.0,高3,80.56099720095914,80.3745350025467,68.76923812326116
sim_stu_0077,jpms_s_0469,T6,11.0,121.0,3.0,8.0,社会人5年,87.84303505539366,88.41989266410201,81.8493975129172
sim_stu_0078,jpms_s_0459,T1,0.0,0.0,0.0,0.0,入学前(age 12),47.41930538420896,59.126457065687156,56.43799384212462
sim_stu_0078,jpms_s_0459,T2,1.0,1.0,1.0,0.0,中1,61.405741037193074,59.580150158489694,58.04087038257281
sim_stu_0078,jpms_s_0459,T3,2.0,4.0,2.0,0.0,中2,61.0019830453707,67.72461290358464,61.653824592392844
sim_stu_0078,jpms_s_0459,T4,3.0,9.0,3.0,0.0,中3,67.05951195735321,73.94872561592854,73.27834210441144
sim_stu_0078,jpms_s_0459,T5,6.0,36.0,3.0,3.0,高3,77.22726450724123,73.77477194178887,73.45492608008726
sim_stu_0078,jpms_s_0459,T6,11.0,121.0,3.0,8.0,社会人5年,84.97806273917911,92.52497876219996,85.79281089228476
sim_stu_0079,jpms_s_0784,T1,0.0,0.0,0.0,0.0,入学前(age 12),63.763440125272744,52.04358221335085,54.51668610802044
sim_stu_0079,jpms_s_0784,T2,1.0,1.0,1.0,0.0,中1,57.75696450916208,58.22240780899153,62.63355317808393
sim_stu_0079,jpms_s_0784,T3,2.0,4.0,2.0,0.0,中2,59.756868551510244,60.64204312270721,55.06024292626547
sim_stu_0079,jpms_s_0784,T4,3.0,9.0,3.0,0.0,中3,54.665507592813434,64.0148014936801,70.87106432613152
sim_stu_0079,jpms_s_0784,T5,6.0,36.0,3.0,3.0,高3,64.30826855789793,81.17175989417525,70.54016051838673
sim_stu_0079,jpms_s_0784,T6,11.0,121.0,3.0,8.0,社会人5年,96.202403854194,89.2371733871807,76.92369095817645
sim_stu_0080,jpms_s_0798,T1,0.0,0.0,0.0,0.0,入学前(age 12),41.95923435938138,38.76229470599407,48.38993124538157
sim_stu_0080,jpms_s_0798,T2,1.0,1.0,1.0,0.0,中1,45.56744963327396,45.61203883633992,42.38655664052462
sim_stu_0080,jpms_s_0798,T3,2.0,4.0,2.0,0.0,中2,43.70299767062434,48.797205884054655,50.83614514307766
sim_stu_0080,jpms_s_0798,T4,3.0,9.0,3.0,0.0,中3,52.12148058187649,62.366636785104845,57.392328323233535
sim_stu_0080,jpms_s_0798,T5,6.0,36.0,3.0,3.0,高3,66.36427876082978,72.16834499714942,63.87179733370499
sim_stu_0080,jpms_s_0798,T6,11.0,121.0,3.0,8.0,社会人5年,80.32896175023605,81.34828407139241,64.44343218848682
sim_stu_0081,jpms_s_0916,T1,0.0,0.0,0.0,0.0,入学前(age 12),47.44226747901916,51.51166599355933,46.26246384948554
sim_stu_0081,jpms_s_0916,T2,1.0,1.0,1.0,0.0,中1,50.88550954917438,52.19226916204768,60.32662084440074
sim_stu_0081,jpms_s_0916,T3,2.0,4.0,2.0,0.0,中2,59.40743214170335,63.61691481261438,47.57110039221499
sim_stu_0081,jpms_s_0916,T4,3.0,9.0,3.0,0.0,中3,55.28029310923652,52.70521750735518,61.678175584084386
sim_stu_0081,jpms_s_0916,T5,6.0,36.0,3.0,3.0,高3,66.05410044784782,79.20331634679614,68.90609817655019
sim_stu_0081,jpms_s_0916,T6,11.0,121.0,3.0,8.0,社会人5年,91.2481687660117,82.79328781262674,82.04679487167242
sim_stu_0082,jpms_s_0837,T1,0.0,0.0,0.0,0.0,入学前(age 12),44.15183886581063,45.10467227744386,46.0883552963505
sim_stu_0082,jpms_s_0837,T2,1.0,1.0,1.0,0.0,中1,48.7461502943376,49.284605468447886,42.85318845442035
sim_stu_0082,jpms_s_0837,T3,2.0,4.0,2.0,0.0,中2,58.458674781906474,54.74960535550846,55.07600917548021
sim_stu_0082,jpms_s_0837,T4,3.0,9.0,3.0,0.0,中3,63.301700891692676,53.52703730715072,64.72628342527977
sim_stu_0082,jpms_s_0837,T5,6.0,36.0,3.0,3.0,高3,66.13031909289069,70.03716259701709,70.15618580002086
sim_stu_0082,jpms_s_0837,T6,11.0,121.0,3.0,8.0,社会人5年,85.6996785272895,79.93571512733199,65.30059652288305
sim_stu_0083,jpms_s_0619,T1,0.0,0.0,0.0,0.0,入学前(age 12),39.98866725569868,46.36069106838981,47.41605692332553
sim_stu_0083,jpms_s_0619,T2,1.0,1.0,1.0,0.0,中1,44.361312103172985,44.41706909103566,52.49174384410459
sim_stu_0083,jpms_s_0619,T3,2.0,4.0,2.0,0.0,中2,56.61250508974158,62.00271501312201,57.22494854991333
sim_stu_0083,jpms_s_0619,T4,3.0,9.0,3.0,0.0,中3,61.62498554094199,60.417818045224905,57.92533188368893
sim_stu_0083,jpms_s_0619,T5,6.0,36.0,3.0,3.0,高3,65.4229294890858,64.43080521994466,60.52167643559426
sim_stu_0083,jpms_s_0619,T6,11.0,121.0,3.0,8.0,社会人5年,83.30121536772583,84.43803350923255,79.62091839130427
sim_stu_0084,jpms_s_0405,T1,0.0,0.0,0.0,0.0,入学前(age 12),36.252004488093036,40.53395400291615,32.05579406142718
sim_stu_0084,jpms_s_0405,T2,1.0,1.0,1.0,0.0,中1,49.3683491976731,41.26935387000977,38.16297916680745
sim_stu_0084,jpms_s_0405,T3,2.0,4.0,2.0,0.0,中2,48.806380319382804,47.14249506737455,52.80344007491267
sim_stu_0084,jpms_s_0405,T4,3.0,9.0,3.0,0.0,中3,50.5377103168733,54.88197127813905,52.96144187889011
sim_stu_0084,jpms_s_0405,T5,6.0,36.0,3.0,3.0,高3,55.160428046673736,63.46900782099993,60.0917333613527
sim_stu_0084,jpms_s_0405,T6,11.0,121.0,3.0,8.0,社会人5年,79.67103180074169,77.36329256932015,63.02060046506026
sim_stu_0085,jpms_s_0758,T1,0.0,0.0,0.0,0.0,入学前(age 12),58.2135306739117,62.46904821749569,54.09482535887078
sim_stu_0085,jpms_s_0758,T2,1.0,1.0,1.0,0.0,中1,53.2091241626258,60.741643998835634,55.01837051628712
sim_stu_0085,jpms_s_0758,T3,2.0,4.0,2.0,0.0,中2,66.68459083082388,60.55261434305662,57.404516889418794
sim_stu_0085,jpms_s_0758,T4,3.0,9.0,3.0,0.0,中3,69.19094004285793,58.24796505981554,63.39304297978407
sim_stu_0085,jpms_s_0758,T5,6.0,36.0,3.0,3.0,高3,71.92320064646223,82.13116343180877,74.99361853992774
sim_stu_0085,jpms_s_0758,T6,11.0,121.0,3.0,8.0,社会人5年,95.23403442818919,83.66377094522569,78.75597029069297
sim_stu_0086,jpms_s_0638,T1,0.0,0.0,0.0,0.0,入学前(age 12),55.93856183689283,55.85047559544642,61.54411952669746
sim_stu_0086,jpms_s_0638,T2,1.0,1.0,1.0,0.0,中1,60.85864185126469,55.07767833176835,51.873517392137316
sim_stu_0086,jpms_s_0638,T3,2.0,4.0,2.0,0.0,中2,66.92707881762787,69.53869459413295,71.46157020000472
sim_stu_0086,jpms_s_0638,T4,3.0,9.0,3.0,0.0,中3,68.63556493616339,77.31629003823653,71.38913729486038
sim_stu_0086,jpms_s_0638,T5,6.0,36.0,3.0,3.0,高3,75.95764620141313,85.39463900230726,82.42637095394672
sim_stu_0086,jpms_s_0638,T6,11.0,121.0,3.0,8.0,社会人5年,97.50090409266899,96.5764277333397,90.02882415018632
sim_stu_0087,jpms_s_0157,T1,0.0,0.0,0.0,0.0,入学前(age 12),43.1394209294647,45.382623835164,53.31345202152962
sim_stu_0087,jpms_s_0157,T2,1.0,1.0,1.0,0.0,中1,55.39054694024873,64.08619392152607,48.942676323385676
sim_stu_0087,jpms_s_0157,T3,2.0,4.0,2.0,0.0,中2,57.82375914495776,58.551030510790184,69.7195845969932
sim_stu_0087,jpms_s_0157,T4,3.0,9.0,3.0,0.0,中3,51.935269764671965,60.672014055533644,68.25541636599593
sim_stu_0087,jpms_s_0157,T5,6.0,36.0,3.0,3.0,高3,67.97592065703833,75.3426089052402,62.56215598475999
sim_stu_0087,jpms_s_0157,T6,11.0,121.0,3.0,8.0,社会人5年,92.56800488627209,90.9003244210051,71.6538287346438
sim_stu_0088,jpms_s_0825,T1,0.0,0.0,0.0,0.0,入学前(age 12),54.99417345052939,62.55546845826058,54.74959700707424
sim_stu_0088,jpms_s_0825,T2,1.0,1.0,1.0,0.0,中1,66.21526693360718,81.07426830153135,62.19387787429409
sim_stu_0088,jpms_s_0825,T3,2.0,4.0,2.0,0.0,中2,62.741677221234355,79.51016259225264,66.76392295800201
sim_stu_0088,jpms_s_0825,T4,3.0,9.0,3.0,0.0,中3,67.96513525150729,80.06173958874012,85.36939488360464
sim_stu_0088,jpms_s_0825,T5,6.0,36.0,3.0,3.0,高3,80.24074137579687,89.01096246642182,72.0410808952738
sim_stu_0088,jpms_s_0825,T6,11.0,121.0,3.0,8.0,社会人5年,102.02060332148292,106.58058860570326,96.06088283194136
sim_stu_0089,jpms_s_0194,T1,0.0,0.0,0.0,0.0,入学前(age 12),38.06492500159717,41.433066107379226,29.161165369369556
sim_stu_0089,jpms_s_0194,T2,1.0,1.0,1.0,0.0,中1,47.86062826068529,45.01198480603358,34.30966650920757
sim_stu_0089,jpms_s_0194,T3,2.0,4.0,2.0,0.0,中2,51.53360796226423,51.785687656777,38.7956758510993
sim_stu_0089,jpms_s_0194,T4,3.0,9.0,3.0,0.0,中3,50.18327477734751,64.23224118320526,55.2282806950174
sim_stu_0089,jpms_s_0194,T5,6.0,36.0,3.0,3.0,高3,55.34893440175663,65.83436003754088,56.53263321333305
sim_stu_0089,jpms_s_0194,T6,11.0,121.0,3.0,8.0,社会人5年,69.89475136517638,82.97035085954165,55.05310500575338
sim_stu_0090,jpms_s_0046,T1,0.0,0.0,0.0,0.0,入学前(age 12),56.289652804734004,54.018085348562394,62.0628119446304
sim_stu_0090,jpms_s_0046,T2,1.0,1.0,1.0,0.0,中1,55.8056562222265,58.49997316085107,52.247997254038324
sim_stu_0090,jpms_s_0046,T3,2.0,4.0,2.0,0.0,中2,56.99772602687511,60.90505960822108,56.24195126677469
sim_stu_0090,jpms_s_0046,T4,3.0,9.0,3.0,0.0,中3,59.71447918815345,66.07414224979021,73.37099234446941
sim_stu_0090,jpms_s_0046,T5,6.0,36.0,3.0,3.0,高3,71.05751272097561,83.27166747173383,65.07224279274544
sim_stu_0090,jpms_s_0046,T6,11.0,121.0,3.0,8.0,社会人5年,87.5866761252836,79.05734675944433,86.14587041514056
sim_stu_0091,jpms_s_0832,T1,0.0,0.0,0.0,0.0,入学前(age 12),56.87207889578332,43.99339173741135,54.42460441334107
sim_stu_0091,jpms_s_0832,T2,1.0,1.0,1.0,0.0,中1,56.488339889562674,54.13981574340889,49.537218315938716
sim_stu_0091,jpms_s_0832,T3,2.0,4.0,2.0,0.0,中2,56.11397761590199,61.89792257532815,61.966899863893744
sim_stu_0091,jpms_s_0832,T4,3.0,9.0,3.0,0.0,中3,59.00290404943151,65.99022157522606,64.92273042226572
sim_stu_0091,jpms_s_0832,T5,6.0,36.0,3.0,3.0,高3,75.60208077688362,76.3788426305797,68.42744965933339
sim_stu_0091,jpms_s_0832,T6,11.0,121.0,3.0,8.0,社会人5年,89.78598885577867,89.38974608872569,81.95663843057108
sim_stu_0092,jpms_s_0259,T1,0.0,0.0,0.0,0.0,入学前(age 12),59.99975658716843,58.32943706686606,67.34346281954213
sim_stu_0092,jpms_s_0259,T2,1.0,1.0,1.0,0.0,中1,62.798577722137104,65.23464055817584,67.68799197963465
sim_stu_0092,jpms_s_0259,T3,2.0,4.0,2.0,0.0,中2,63.79339068275862,63.44475001767075,70.2802160680008
sim_stu_0092,jpms_s_0259,T4,3.0,9.0,3.0,0.0,中3,70.19606056881393,79.91964055482808,74.78170586470718
sim_stu_0092,jpms_s_0259,T5,6.0,36.0,3.0,3.0,高3,84.38991544640658,82.34980750800948,81.9398754418293
sim_stu_0092,jpms_s_0259,T6,11.0,121.0,3.0,8.0,社会人5年,108.34450028814317,89.47394349539856,76.66602827795829
sim_stu_0093,jpms_s_0634,T1,0.0,0.0,0.0,0.0,入学前(age 12),59.786519128359416,47.24670598559725,56.94839825614817
sim_stu_0093,jpms_s_0634,T2,1.0,1.0,1.0,0.0,中1,40.51763224953063,61.495964538566184,50.96626574135234
sim_stu_0093,jpms_s_0634,T3,2.0,4.0,2.0,0.0,中2,51.215094559185545,60.953040497358025,61.60200786152947
sim_stu_0093,jpms_s_0634,T4,3.0,9.0,3.0,0.0,中3,60.33702261155963,63.18207490294323,69.38904329759431
sim_stu_0093,jpms_s_0634,T5,6.0,36.0,3.0,3.0,高3,77.31372388838713,82.43562206148562,81.35219130537098
sim_stu_0093,jpms_s_0634,T6,11.0,121.0,3.0,8.0,社会人5年,90.80317111817952,87.65553098090307,79.08072638879038
sim_stu_0094,jpms_s_0413,T1,0.0,0.0,0.0,0.0,入学前(age 12),58.16005216989375,52.17941877257518,60.9883202235593
sim_stu_0094,jpms_s_0413,T2,1.0,1.0,1.0,0.0,中1,58.90037034122264,63.7632654828698,57.81391437805732
sim_stu_0094,jpms_s_0413,T3,2.0,4.0,2.0,0.0,中2,68.31907804159702,71.66575208339192,64.84604704801647
sim_stu_0094,jpms_s_0413,T4,3.0,9.0,3.0,0.0,中3,67.61730773999163,74.5286381631016,73.53244562214729
sim_stu_0094,jpms_s_0413,T5,6.0,36.0,3.0,3.0,高3,71.40800589532635,85.1909117941815,77.85995890411655
sim_stu_0094,jpms_s_0413,T6,11.0,121.0,3.0,8.0,社会人5年,79.20430159614607,91.49503681999859,81.66439633062198
sim_stu_0095,jpms_s_0162,T1,0.0,0.0,0.0,0.0,入学前(age 12),47.78718134655663,48.09413279358834,56.482526737856034
sim_stu_0095,jpms_s_0162,T2,1.0,1.0,1.0,0.0,中1,65.24555239702569,58.861618430137156,57.21755434660674
sim_stu_0095,jpms_s_0162,T3,2.0,4.0,2.0,0.0,中2,58.23475367658874,61.645509829538724,57.96995573406627
sim_stu_0095,jpms_s_0162,T4,3.0,9.0,3.0,0.0,中3,65.41013084241227,66.45396129596668,60.39403728033816
sim_stu_0095,jpms_s_0162,T5,6.0,36.0,3.0,3.0,高3,79.22996342951723,72.73189812300802,70.2469229325847
sim_stu_0095,jpms_s_0162,T6,11.0,121.0,3.0,8.0,社会人5年,88.37046151722738,80.9695815375727,79.8453099701235
sim_stu_0096,jpms_s_0887,T1,0.0,0.0,0.0,0.0,入学前(age 12),43.61819460305432,44.66817737199902,49.46499505533333
sim_stu_0096,jpms_s_0887,T2,1.0,1.0,1.0,0.0,中1,50.51603084601771,58.60925353297029,48.88983838367275
sim_stu_0096,jpms_s_0887,T3,2.0,4.0,2.0,0.0,中2,62.479643590710516,48.608375049547625,43.78887101430192
sim_stu_0096,jpms_s_0887,T4,3.0,9.0,3.0,0.0,中3,51.87293663345744,64.56544593467093,59.152728357940674
sim_stu_0096,jpms_s_0887,T5,6.0,36.0,3.0,3.0,高3,73.50947117340179,82.13682434981389,74.37684624827129
sim_stu_0096,jpms_s_0887,T6,11.0,121.0,3.0,8.0,社会人5年,94.90104569657066,81.87981331599204,78.93668042313026
sim_stu_0097,jpms_s_0826,T1,0.0,0.0,0.0,0.0,入学前(age 12),55.913575854435656,61.20090087681558,56.436862672425804
sim_stu_0097,jpms_s_0826,T2,1.0,1.0,1.0,0.0,中1,61.963915191458405,59.064195706900385,64.74632990523156
sim_stu_0097,jpms_s_0826,T3,2.0,4.0,2.0,0.0,中2,63.28581024577854,68.16150737486753,80.26950887392844
sim_stu_0097,jpms_s_0826,T4,3.0,9.0,3.0,0.0,中3,64.91588009381721,75.14448835751206,77.18984484104864
sim_stu_0097,jpms_s_0826,T5,6.0,36.0,3.0,3.0,高3,76.49848095684017,88.52334392733212,82.26330864838215
sim_stu_0097,jpms_s_0826,T6,11.0,121.0,3.0,8.0,社会人5年,95.15341918043438,103.5202185861753,81.72372672412344
sim_stu_0098,jpms_s_0899,T1,0.0,0.0,0.0,0.0,入学前(age 12),44.03163205925965,44.89188648035194,55.4819687254196
sim_stu_0098,jpms_s_0899,T2,1.0,1.0,1.0,0.0,中1,55.03999908858411,52.875677583100284,69.03208299441525
sim_stu_0098,jpms_s_0899,T3,2.0,4.0,2.0,0.0,中2,48.78936927394483,65.53059233811706,60.35454911330242
sim_stu_0098,jpms_s_0899,T4,3.0,9.0,3.0,0.0,中3,58.68807652120524,79.33091584131814,62.482140074288495
sim_stu_0098,jpms_s_0899,T5,6.0,36.0,3.0,3.0,高3,74.75724845516396,77.24949079158829,71.43206120487942
sim_stu_0098,jpms_s_0899,T6,11.0,121.0,3.0,8.0,社会人5年,83.90749393047476,78.607286233505,78.96216289107228
sim_stu_0099,jpms_s_0025,T1,0.0,0.0,0.0,0.0,入学前(age 12),48.21415852674843,49.53814680469562,39.72014658816783
sim_stu_0099,jpms_s_0025,T2,1.0,1.0,1.0,0.0,中1,46.040294626411935,47.58644350120776,54.7396671417329
sim_stu_0099,jpms_s_0025,T3,2.0,4.0,2.0,0.0,中2,63.67625840325664,60.73166541662239,56.17767233326959
sim_stu_0099,jpms_s_0025,T4,3.0,9.0,3.0,0.0,中3,48.87491335729339,57.63245453027078,61.42569875658521
sim_stu_0099,jpms_s_0025,T5,6.0,36.0,3.0,3.0,高3,68.03162481288908,79.43626275438314,73.36168631799933
sim_stu_0099,jpms_s_0025,T6,11.0,121.0,3.0,8.0,社会人5年,87.22762678290741,84.09568543782798,67.97922478376742
