-- JPMS-DB 教育学概念シード（優先度A 8件）
-- research-precision-protocol準拠: key_works にDOI/SS Paper ID 必須付記
-- 注: 自己申告verified禁止のため、外部API検証は別途必要（status='pending_verification'扱い）

-- まず学術文献の出典を sources に登録
INSERT INTO jpms_sources (id, source_type, title, author, publisher, publication_year, accessed_at, rights_status, primary_or_secondary, reliability_score, note) VALUES
('jpms_src_010001','academic_book','How People Learn: Brain, Mind, Experience, and School (Expanded Edition)','National Research Council; J.D. Bransford, A.L. Brown, R.R. Cocking (Eds.)','National Academies Press',2000,datetime('now'),'copyrighted_quotable','primary',98,'DOI: 10.17226/9853 — 学習科学の基盤書'),
('jpms_src_010002','academic_book','Cognitive Load Theory','John Sweller, Paul Ayres, Slava Kalyuga','Springer',2011,datetime('now'),'copyrighted_quotable','primary',96,'DOI: 10.1007/978-1-4419-8126-4 — CLT統合的解説'),
('jpms_src_010003','academic_book','Multimedia Learning (2nd Edition)','Richard E. Mayer','Cambridge University Press',2009,datetime('now'),'copyrighted_quotable','primary',96,'ISBN: 9780521735353 — 12設計原則'),
('jpms_src_010004','academic_book','Handbook of Self-Regulated Learning and Performance','Barry J. Zimmerman, Dale H. Schunk (Eds.)','Routledge',2011,datetime('now'),'copyrighted_quotable','primary',95,'ISBN: 9780415871006 — SRL包括解説'),
('jpms_src_010005','academic_paper','The Economics of Human Development and Social Mobility','James J. Heckman, Stefano Mosso','Annual Review of Economics, Vol. 6',2014,datetime('now'),'copyrighted_quotable','primary',97,'DOI: 10.1146/annurev-economics-080213-040753'),
('jpms_src_010006','academic_paper','Intrinsic and Extrinsic Motivation from a Self-Determination Theory Perspective','Richard M. Ryan, Edward L. Deci','Contemporary Educational Psychology, 61, 101860',2020,datetime('now'),'copyrighted_quotable','primary',96,'DOI: 10.1016/j.cedpsych.2020.101860'),
('jpms_src_010007','academic_paper','The Impact of Enhancing Students Social and Emotional Learning: A Meta-Analysis of School-Based Universal Interventions','Joseph A. Durlak, Roger P. Weissberg, Allison B. Dymnicki, Rebecca D. Taylor, Kriston B. Schellinger','Child Development, 82(1), 405-432',2011,datetime('now'),'copyrighted_quotable','primary',98,'DOI: 10.1111/j.1467-8624.2010.01564.x — 270,034名対象'),
('jpms_src_010008','academic_paper','Promoting Positive Youth Development Through School-Based Social and Emotional Learning Interventions: A Meta-Analysis of Follow-Up Effects','Rebecca D. Taylor, Eva Oberle, Joseph A. Durlak, Roger P. Weissberg','Child Development, 88(4), 1156-1171',2017,datetime('now'),'copyrighted_quotable','primary',98,'DOI: 10.1111/cdev.12864 — 97,406名長期追跡');

-- 教育学概念 (data_completeness=70 検証前)
INSERT INTO jpms_education_concepts (id, name_ja, name_en, name_original, definition, impact_summary, subfield, school_of_thought, era_start, era_end, opposing_concept_names, keywords_ja, keywords_en, key_researchers, key_works, relevance_to_middle_school, status, source_reliability, data_completeness) VALUES
('jpms_ec_0001',
 '学習の認知科学的基盤',
 'How People Learn (NRC framework)',
 'How People Learn',
 '米国National Research Councilが提示した学習研究の統合的枠組みで、(1)既有知識を引き出すこと、(2)概念的枠組みの中で事実を組織化すること、(3)自分の学習を監視するメタ認知、の3原則を中核に据える。2000年初版・2018年改訂版で脳科学・個別化学習・文化的背景を統合した。',
 '学習科学の事実上の標準書として、世界中の教育研究・教員養成・カリキュラム設計に影響を与えた。',
 'learning_science',
 'Cognitive Science / Learning Sciences',
 2000, NULL,
 '行動主義的学習観',
 '学習科学,メタ認知,既有知識,概念枠組み',
 'learning sciences,metacognition,prior knowledge,conceptual framework',
 '["John D. Bransford","Ann L. Brown","Rodney R. Cocking"]',
 '[{"title":"How People Learn: Brain, Mind, Experience, and School","year":2000,"doi":"10.17226/9853","verified":false,"source_id":"jpms_src_010001"}]',
 90,
 'pending_verification','primary',70),

('jpms_ec_0002',
 '認知負荷理論',
 'Cognitive Load Theory',
 'Cognitive Load Theory',
 'ワーキングメモリの容量制限とスキーマ構成の相互作用で学習を説明する理論。Intrinsic Load（学習内容の本質的難度）、Extraneous Load（不要な認知負荷）、Germane Load（学習に有益な負荷）の三層を区別し、教材設計の指針を提供する。',
 '教材設計・eラーニング・ICT教育の基盤理論として、世界中の指導設計に影響を与え続けている。',
 'learning_science',
 'Cognitive Load Theory',
 1988, NULL,
 '画一的指導法',
 '認知負荷,ワーキングメモリ,スキーマ,教材設計',
 'cognitive load,working memory,schema,instructional design',
 '["John Sweller","Paul Ayres","Slava Kalyuga"]',
 '[{"title":"Cognitive Load Theory","year":2011,"doi":"10.1007/978-1-4419-8126-4","verified":false,"source_id":"jpms_src_010002"}]',
 85,
 'pending_verification','primary',70),

('jpms_ec_0003',
 'マルチメディア学習理論',
 'Multimedia Learning Theory',
 'Multimedia Learning',
 '言語チャネルと視覚チャネルの二重符号化を前提に、マルチメディア教材の効果的設計原則を体系化した理論。Coherence・Spatial Contiguity・Segmenting等の12設計原則で知られる。',
 'eラーニング・動画教材・ICT教育の基盤理論として、教育産業全般に影響を与えている。',
 'learning_science',
 'Cognitive Theory of Multimedia Learning',
 1997, NULL,
 'テキスト中心教材観',
 'マルチメディア学習,二重符号化,設計原則,eラーニング',
 'multimedia learning,dual coding,design principles,e-learning',
 '["Richard E. Mayer"]',
 '[{"title":"Multimedia Learning (2nd Edition)","year":2009,"isbn":"9780521735353","verified":false,"source_id":"jpms_src_010003"}]',
 88,
 'pending_verification','primary',70),

('jpms_ec_0004',
 '自己調整学習',
 'Self-Regulated Learning',
 'Self-Regulated Learning',
 'メタ認知・動機づけ・行動の三層を循環的に調整しながら学習目標を達成する学習者の能力。Forethought（事前計画）→Performance（実行・監視）→Self-Reflection（省察）のサイクルで構成される。',
 '中等教育・高等教育における学習者主体性育成の基盤理論として、SEL・探究学習・キャリア教育の理論的支柱を成す。',
 'motivation_dev',
 'Self-Regulation Theory',
 1986, NULL,
 '教師主導型受動学習',
 '自己調整学習,メタ認知,動機づけ,自己効力感',
 'self-regulated learning,metacognition,motivation,self-efficacy',
 '["Barry J. Zimmerman","Dale H. Schunk"]',
 '[{"title":"Handbook of Self-Regulated Learning and Performance","year":2011,"isbn":"9780415871006","verified":false,"source_id":"jpms_src_010004"}]',
 92,
 'pending_verification','primary',70),

('jpms_ec_0005',
 '人的資本形成と非認知能力',
 'Human Capital Formation and Noncognitive Skills',
 'Skill Formation Technology',
 'James J. Heckmanが提唱する「スキル形成の技術」モデル。認知能力と非認知能力（自制心・忍耐・社会性）が幼少期から相互補完的に形成され、成人期の労働市場・健康・市民行動を予測する。早期教育投資の社会的収益率の高さを実証した。',
 'ノーベル経済学賞研究として、教育政策・幼児教育・SEL推進の経済学的根拠となり、世界各国の教育投資戦略に影響。',
 'noncognitive',
 'Labor Economics of Education',
 2000, NULL,
 '認知能力単一モデル',
 '非認知能力,人的資本,早期教育,GED',
 'noncognitive skills,human capital,early childhood,GED',
 '["James J. Heckman","Stefano Mosso"]',
 '[{"title":"The Economics of Human Development and Social Mobility","year":2014,"doi":"10.1146/annurev-economics-080213-040753","verified":false,"source_id":"jpms_src_010005"}]',
 95,
 'pending_verification','primary',70),

('jpms_ec_0006',
 '自己決定理論',
 'Self-Determination Theory',
 'Self-Determination Theory',
 '人間の動機づけと心理的ウェルネスを説明する理論で、自律性（Autonomy）・有能感（Competence）・関係性（Relatedness）の3つの基本的心理欲求の充足が内発的動機づけと最適な機能発揮を促すと主張する。',
 '教育心理学の主要理論として、生徒の主体性・学習動機・ウェルビーイング研究の基盤を成す。学校環境の自律性支援の重要性を実証。',
 'motivation_dev',
 'Self-Determination Theory',
 1985, NULL,
 '行動主義的動機づけ理論',
 '自己決定理論,内発的動機,自律性,有能感,関係性',
 'self-determination,intrinsic motivation,autonomy,competence,relatedness',
 '["Edward L. Deci","Richard M. Ryan"]',
 '[{"title":"Intrinsic and Extrinsic Motivation from a Self-Determination Theory Perspective","year":2020,"doi":"10.1016/j.cedpsych.2020.101860","verified":false,"source_id":"jpms_src_010006"}]',
 95,
 'pending_verification','primary',70),

('jpms_ec_0007',
 'SELメタ分析（Durlak 2011）',
 'SEL Meta-Analysis (Durlak 2011)',
 'School-Based Universal SEL Interventions',
 '213の学校ベースSELプログラム・270,034人を対象としたメタ分析。SELプログラムが社会情動スキル（ES=0.69）、態度（0.62）、行動（0.30）、学業成績（0.29、11パーセンタイル向上）に有意な改善効果を持つことを実証した。',
 'SEL推進の決定的エビデンスとして、CASEL Framework普及・各国SEL政策の科学的根拠を成す。',
 'sel',
 'Social-Emotional Learning Research',
 2011, NULL,
 '学業成績一辺倒モデル',
 'SEL,メタ分析,社会情動スキル,学校ベース介入',
 'SEL,meta-analysis,social-emotional skills,school-based intervention',
 '["Joseph A. Durlak","Roger P. Weissberg","Allison B. Dymnicki","Rebecca D. Taylor","Kriston B. Schellinger"]',
 '[{"title":"The Impact of Enhancing Students Social and Emotional Learning","year":2011,"doi":"10.1111/j.1467-8624.2010.01564.x","verified":false,"source_id":"jpms_src_010007"}]',
 95,
 'pending_verification','primary',70),

('jpms_ec_0008',
 'SEL長期効果メタ分析（Taylor 2017）',
 'SEL Long-term Follow-up Meta-Analysis (Taylor 2017)',
 'SEL Long-term Effects',
 '82のSELプログラム・97,406名（K-12、平均年齢11.09歳）を対象に、6カ月から18年までの長期追跡を統合したメタ分析。SEL効果が長期well-being、卒業率、安全な性的行動、人生軌跡改善の予測因子となることを実証した。',
 'SEL効果の持続性を証明し、CASELの中等教育期SEL推進の根拠となった。Durlak 2011と並ぶ二大エビデンス。',
 'sel',
 'Social-Emotional Learning Research',
 2017, NULL,
 '短期効果のみのSEL観',
 'SEL,長期追跡,メタ分析,Positive Youth Development',
 'SEL,long-term follow-up,meta-analysis,positive youth development',
 '["Rebecca D. Taylor","Eva Oberle","Joseph A. Durlak","Roger P. Weissberg"]',
 '[{"title":"Promoting Positive Youth Development Through School-Based SEL Interventions","year":2017,"doi":"10.1111/cdev.12864","verified":false,"source_id":"jpms_src_010008"}]',
 95,
 'pending_verification','primary',70);

-- 概念間の関係（最低限のシード）
INSERT INTO jpms_education_concept_relations (id, source_concept_id, target_concept_id, relation_type, relation_description, strength) VALUES
('jpms_ecr_00001','jpms_ec_0007','jpms_ec_0008','extends','Durlak 2011（短期効果）→ Taylor 2017（長期追跡）でフォローアップ研究として拡張',9),
('jpms_ecr_00002','jpms_ec_0001','jpms_ec_0004','complements','How People Learn のメタ認知重視と Self-Regulated Learning は理論的に補完関係',8),
('jpms_ecr_00003','jpms_ec_0002','jpms_ec_0003','complements','Cognitive Load Theory と Multimedia Learning は両立的な教材設計理論',8),
('jpms_ecr_00004','jpms_ec_0006','jpms_ec_0007','applies_to_practice','Self-Determination Theory は SEL プログラム設計の理論的基盤として応用される',7),
('jpms_ecr_00005','jpms_ec_0005','jpms_ec_0007','empirically_tests','Heckman の人的資本論を SEL の効果メタ分析が経験的に裏づけ',7);
