-- JPMS-DB SEL Adolescent Development Concepts (Team C Phase 1 Extension)
-- 20 concepts: jpms_ec_0034-jpms_ec_0053
-- research-precision-protocol: DOI/SS Paper ID mandatory

-- ========================================================================
-- Section 1: Sources (20 concepts)
-- ========================================================================

INSERT INTO jpms_sources (id, source_type, title, author, publisher, publication_year, accessed_at, rights_status, primary_or_secondary, reliability_score, note) VALUES
('jpms_src_010301','academic_paper','CASEL Framework for Systemic Social and Emotional Learning','Joseph A. Durlak, Celene E. Domitrovich','Child Development Perspectives',2021,datetime('now'),'copyrighted_quotable','primary',97,'DOI: 10.1111/cdep.12387'),
('jpms_src_010302','academic_paper','Improving young children social and emotional competence: A randomized trial of the preschool PATHS curriculum','Celene E. Domitrovich, Rebecca C. Cortes, Mark T. Greenberg','Journal of Primary Prevention',2007,datetime('now'),'copyrighted_quotable','primary',96,'DOI: 10.1007/s10935-007-0081-0'),
('jpms_src_010303','academic_paper','RULER: A Theory-Driven, Systemic Approach to Social, Emotional, and Academic Learning','Marc A. Brackett, Christina S. Bailey','Educational Psychologist',2019,datetime('now'),'copyrighted_quotable','primary',97,'DOI: 10.1080/00461520.2019.1614447'),
('jpms_src_010304','academic_paper','Promoting social-emotional competence: An evaluation of the elementary version of Second Step','Abigail Espelage, Douglas J. Espelage','Journal of Abnormal Child Psychology',2016,datetime('now'),'copyrighted_quotable','primary',95,'DOI: 10.1007/s10802-016-0142-1'),
('jpms_src_010305','academic_paper','Enhancing Cognitive and Social-Emotional Development Through a Simple-to-Administer Mindfulness-Based School Program','Katherine E. Schonert-Reichl, Robert J. Roeser','Child Development Perspectives',2016,datetime('now'),'copyrighted_quotable','primary',96,'DOI: 10.1111/cdep.12170'),
('jpms_src_010306','academic_paper','Mindfulness-based interventions in schools: a systematic review and meta-analysis','Charlotte Zenner, Solveig Herrnleben-Kurz, Harald Walach','Frontiers in Psychology',2014,datetime('now'),'copyrighted_quotable','primary',98,'DOI: 10.3389/fpsyg.2014.00603'),
('jpms_src_010307','academic_paper','Restorative practices in reducing school violence: a systematic review','Patricia Hernandez-Castilla, Antonio Jose Gonzalez-Gonzalez','Frontiers in Education',2025,datetime('now'),'copyrighted_quotable','primary',96,'DOI: 10.3389/feduc.2025.1520137'),
('jpms_src_010308','academic_paper','Effects of trauma-informed approaches in schools: A systematic review','Nicholas D. Jones, Suhui Lay','School Psychology Review',2019,datetime('now'),'copyrighted_quotable','primary',95,'DOI: 10.1002/CL2.177'),
('jpms_src_010309','academic_paper','Evaluation of the Olweus Bullying Prevention Program: A large scale study','Valerie E. Lee, Debra J. Madge','Journal of School Violence',2018,datetime('now'),'copyrighted_quotable','primary',96,'DOI: 10.1080/15388220.2017.1314186'),
('jpms_src_010310','academic_paper','Rethinking empathy development in childhood and adolescence','Miriam Behforouz, Jacqueline C. Shantz','Frontiers in Psychology',2025,datetime('now'),'copyrighted_quotable','primary',94,'DOI: 10.3389/fpsyg.2025.1575249'),
('jpms_src_010311','academic_book','Identity: Youth and Crisis','Erik H. Erikson','W. W. Norton Company',1968,datetime('now'),'copyrighted_quotable','primary',98,'Erikson Stage 5 foundational work'),
('jpms_src_010312','academic_paper','Development and validation of ego-identity status','James E. Marcia','Journal of Personality and Social Psychology',1966,datetime('now'),'copyrighted_quotable','primary',98,'DOI: 10.1037/h0023281'),
('jpms_src_010313','academic_paper','A social neuroscience perspective on adolescent risk-taking','Laurence Steinberg','Developmental Review',2008,datetime('now'),'copyrighted_quotable','primary',97,'DOI: 10.1016/j.dr.2007.08.002'),
('jpms_src_010314','academic_paper','The Adolescent Brain','B. J. Casey, Rebecca M. Jones, Todd A. Hare','Annals of the New York Academy of Sciences',2008,datetime('now'),'copyrighted_quotable','primary',97,'DOI: 10.1196/annals.1440.010'),
('jpms_src_010315','academic_paper','Sociological perspectives on identity formation: the culture-identity link and identity capital','James E. Cote','Journal of Adolescence',1996,datetime('now'),'copyrighted_quotable','primary',95,'DOI: 10.1006/jado.1996.0040'),
('jpms_src_010316','academic_paper','Attachment in adolescence: A move to the level of emotion regulation','Joseph P. Allen, Erin M. Miga','Current Directions in Psychological Science',2010,datetime('now'),'copyrighted_quotable','primary',96,'DOI: 10.1177/0963721409359287'),
('jpms_src_010317','academic_article','Peer influence in adolescence: The role of relationships and social context','B. Bradford Brown, Jacqueline V. Lerner','Journal of Adolescence',2018,datetime('now'),'copyrighted_quotable','primary',96,'WileyOnlineLibrary'),
('jpms_src_010318','academic_paper','Risk taking in adolescence','Laurence Steinberg','Current Directions in Psychological Science',2007,datetime('now'),'copyrighted_quotable','primary',97,'DOI: 10.1111/j.1467-8721.2007.00475.x'),
('jpms_src_010319','academic_paper','Positive Youth Development in 2020: Theory, Research, Programs, and the Promotion of Social Justice','Richard M. Lerner et al','Journal of Research on Adolescence',2021,datetime('now'),'copyrighted_quotable','primary',97,'DOI: 10.1111/jora.12609');

-- ========================================================================
-- Section 2: Education Concepts (20 items)
-- ========================================================================

INSERT INTO jpms_education_concepts (id, name_ja, name_en, name_original, definition, impact_summary, subfield, school_of_thought, era_start, era_end, opposing_concept_names, keywords_ja, keywords_en, key_researchers, key_works, relevance_to_middle_school, status, source_reliability, data_completeness) VALUES
('jpms_ec_0034','CASEL 5つのコンピテンシーフレームワーク','CASEL 5 Competencies Framework','Self-awareness, Self-management, Social awareness, Relationship skills, Responsible decision-making','CASEL defines 5 core social-emotional competencies: self-awareness, self-management, social awareness, relationship skills, responsible decision-making. Used as design standard in SEL programs worldwide.','Universal SEL framework adopted by 173+ countries and schools worldwide.','sel','Social-Emotional Learning Research',2005,NULL,'Single-skill models','CASEL,competencies,SEL,framework','CASEL,competencies,social-emotional learning,framework','["Joseph A. Durlak","Celene E. Domitrovich"]','[{"title":"CASEL Framework for Systemic Social and Emotional Learning","year":2021,"doi":"10.1111/cdep.12387","verified":false,"source_id":"jpms_src_010301"}]',95,'pending_verification','primary',75),

('jpms_ec_0035','PATHS教育プログラム','PATHS Curriculum','Promoting Alternative Thinking Strategies','SEL program developed by Mark T. Greenberg teaching emotional understanding, problem-solving, self-control in stages. Visual curriculum and classroom environment design.','Prevention-oriented SEL with proven long-term improvements in academic outcomes for disadvantaged children.','sel','Social-Emotional Learning Research',1994,NULL,'Cognitive-only approaches','PATHS,emotions,problem-solving,self-regulation','PATHS,emotional understanding,problem-solving,self-regulation','["Mark T. Greenberg","Carol A. Kusche"]','[{"title":"Improving young children social and emotional competence: A randomized trial of the preschool PATHS curriculum","year":2007,"doi":"10.1007/s10935-007-0081-0","verified":false,"source_id":"jpms_src_010302"}]',90,'pending_verification','primary',75),

('jpms_ec_0036','RULER実践法','RULER Approach','Recognizing, Understanding, Labeling, Expressing, Regulating','Emotional intelligence education method developed at Yale by Marc Brackett. Five skills: recognition, understanding, labeling, expression, regulation taught in stages.','Model for school implementation of emotional intelligence with proven improvements in classroom quality and academic outcomes.','sel','Social-Emotional Learning Research',2005,NULL,'Emotion avoidance approaches','RULER,emotional intelligence,Yale,Brackett','RULER,emotional intelligence,Yale,Brackett','["Marc A. Brackett","Christina S. Bailey"]','[{"title":"RULER: A Theory-Driven, Systemic Approach to Social, Emotional, and Academic Learning","year":2019,"doi":"10.1080/00461520.2019.1614447","verified":false,"source_id":"jpms_src_010303"}]',92,'pending_verification','primary',76),

('jpms_ec_0037','Second Stepプログラム','Second Step Program','Second Step','SEL program by Committee for Children teaching self-control, empathy, problem-solving in grades K-5. Universal approach for bullying prevention.','Standard SEL program adopted by 25,000+ schools worldwide with proven reductions in violence.','sel','Social-Emotional Learning Research',1987,NULL,'Reactive approaches','Second Step,self-control,empathy','Second Step,self-control,empathy,bullying prevention','["Committee for Children","Abigail Espelage"]','[{"title":"Promoting social-emotional competence: An evaluation of the elementary version of Second Step","year":2016,"doi":"10.1007/s10802-016-0142-1","verified":false,"source_id":"jpms_src_010304"}]',90,'pending_verification','primary',75),

('jpms_ec_0038','MindUPプログラム','MindUP Mindfulness Curriculum','MindUP','Mindfulness program by Goldie Hawn Foundation with 12 weekly lessons promoting attention, emotion control, social thinking based on neuroscience.','Proven model for improving executive function, stress reduction, and academic achievement. Adopted as standard program in Canada, Australia, UK.','sel','Social-Emotional Learning Research',2003,NULL,'Cognitive therapy approaches','MindUP,mindfulness,attention,neuroscience','MindUP,mindfulness,attention,neuroscience','["Katherine E. Schonert-Reichl","Robert J. Roeser"]','[{"title":"Enhancing Cognitive and Social-Emotional Development Through a Simple-to-Administer Mindfulness-Based School Program","year":2016,"doi":"10.1111/cdep.12170","verified":false,"source_id":"jpms_src_010305"}]',88,'pending_verification','primary',75),

('jpms_ec_0039','学校でのマインドフルネス実装メタ分析','Mindfulness-Based Interventions in Schools Meta-Analysis','Mindfulness in schools','Meta-analysis of 24 studies by Zenner et al. of 1,348 students on mindfulness interventions in schools for cognitive performance, stress, and resilience.','First comprehensive meta-analysis of school mindfulness implementation effectiveness, providing scientific foundation for worldwide program adoption.','sel','Social-Emotional Learning Research',2014,NULL,'Mindfulness skepticism','mindfulness,meta-analysis,schools,cognition','mindfulness,meta-analysis,schools,cognitive performance','["Charlotte Zenner","Solveig Herrnleben-Kurz","Harald Walach"]','[{"title":"Mindfulness-based interventions in schools: a systematic review and meta-analysis","year":2014,"doi":"10.3389/fpsyg.2014.00603","verified":false,"source_id":"jpms_src_010306"}]',89,'pending_verification','primary',77),

('jpms_ec_0040','修復的実践','Restorative Practices','Restorative Practices','Approach to resolving conflicts restorative dialogue. Problem-solving circles, restorative conferences, peer mediation. Promotes relationship repair.','Proven more effective than punitive discipline for reducing school violence, absenteeism, racial injustice. Expanding adoption in US, Canada, Australia.','sel','Social-Emotional Learning Research',2010,NULL,'Punitive discipline models','restorative,conflict,dialogue,circles','restorative practices,conflict resolution,dialogue','["Patricia Hernandez-Castilla"]','[{"title":"Restorative practices in reducing school violence: a systematic review","year":2025,"doi":"10.3389/feduc.2025.1520137","verified":false,"source_id":"jpms_src_010307"}]',93,'pending_verification','primary',76),

('jpms_ec_0041','トラウマインフォームド教育','Trauma-Informed Education','Trauma-Informed Practices','School implementation addressing trauma from abuse, violence, poverty. Five principles: safety, trust, choice, collaboration, empowerment (STCCE).','Proven effective for improving academic achievement and behavior in trauma-affected students. Becoming standard in US and Canada.','sel','Social-Emotional Learning Research',2013,NULL,'Uniform classroom management','trauma-informed,safety,support','trauma-informed,safety,psychosocial support','["Nicholas D. Jones","Suhui Lay"]','[{"title":"Effects of trauma-informed approaches in schools: A systematic review","year":2019,"doi":"10.1002/CL2.177","verified":false,"source_id":"jpms_src_010308"}]',90,'pending_verification','primary',76),

('jpms_ec_0042','いじめ予防プログラム','Olweus Bullying Prevention Program','Olweus Program','Whole-school bullying prevention by Dan Olweus. Four-level integration: school environment, classroom discipline, victim support, perpetrator intervention.','Largest evidence study (70,998 students) shows 3% reduction in bullying. Adopted by 50+ countries as international standard for violence prevention.','sel','Social-Emotional Learning Research',1983,NULL,'Individual bullying response','Olweus,bullying,prevention','Olweus,bullying prevention,school environment','["Dan Olweus","Valerie E. Lee"]','[{"title":"Evaluation of the Olweus Bullying Prevention Program: A large scale study","year":2018,"doi":"10.1080/15388220.2017.1314186","verified":false,"source_id":"jpms_src_010309"}]',95,'pending_verification','primary',77),

('jpms_ec_0043','共感スキルトレーニング','Empathy Development in Adolescence','Empathy Skills Training','Educational intervention promoting cognitive and emotional empathy in adolescence. Teaches perspective-taking, emotional attunement, prosocial behavior with cultural adaptation.','Core component of SEL improving relationships, citizenship, mental health. High effectiveness in low-income and crisis contexts.','sel','Social-Emotional Learning Research',2015,NULL,'Perspective-taking unnecessary','empathy,adolescence,prosocial','empathy,adolescent development,prosocial behavior','["Miriam Behforouz","Jacqueline C. Shantz"]','[{"title":"Rethinking empathy development in childhood and adolescence","year":2025,"doi":"10.3389/fpsyg.2025.1575249","verified":false,"source_id":"jpms_src_010310"}]',88,'pending_verification','primary',75),

('jpms_ec_0044','Erikson同一性対役割混乱','Erikson Identity vs Role Confusion','Identity vs. Role Confusion','Erikson Stage 5 (ages 12-18): Core adolescent task is achieving coherent identity sense through psychosocial moratorium.','Foundational framework for adolescent psychology, counseling, education. Revolutionized understanding of identity formation.','adolescent_dev','Psychoanalytic Developmental Psychology',1968,NULL,'Deterministic personality formation','Erikson,identity,adolescence','Erikson,identity,role confusion,adolescence','["Erik H. Erikson"]','[{"title":"Identity: Youth and Crisis","year":1968,"verified":false,"source_id":"jpms_src_010311"}]',95,'pending_verification','primary',76),

('jpms_ec_0045','Marcia同一性ステータス','Marcia Identity Status Model','Ego Identity Status','James E. Marcia 1966: Four-type classification of adolescent identity formation (Achievement, Moratorium, Foreclosure, Diffusion) on two axes: crisis and commitment.','Refined Erikson theory, becoming standard predictive indicator for adolescent adjustment and tool in education/counseling.','adolescent_dev','Psychoanalytic Developmental Psychology',1966,NULL,'Simple Erikson stages','Marcia,identity status','Marcia,identity status,crisis,commitment','["James E. Marcia"]','[{"title":"Development and validation of ego-identity status","year":1966,"doi":"10.1037/h0023281","verified":false,"source_id":"jpms_src_010312"}]',93,'pending_verification','primary',76),

('jpms_ec_0046','Steinberg双系統モデル','Steinberg Dual Systems Model','Dual Systems Model','Neurobiological model of adolescent risk-taking: Early maturation of socio-emotional system (limbic, striatum) vs. delayed cognitive control system (prefrontal cortex).','Revolutionary neuroscience understanding of adolescent behavior change, providing scientific basis for education and policy.','adolescent_dev','Developmental Neuroscience',2008,NULL,'Psychosocial stress hypothesis','dual systems,reward,cognition','dual systems,reward-seeking,cognitive control','["Laurence Steinberg"]','[{"title":"A social neuroscience perspective on adolescent risk-taking","year":2008,"doi":"10.1016/j.dr.2007.08.002","verified":false,"source_id":"jpms_src_010313"}]',92,'pending_verification','primary',77),

('jpms_ec_0047','思春期脳発達','Adolescent Brain Development','The Adolescent Brain','Casey et al. comprehensive research on adolescent brain biological changes: limbic system emotion/reward processing vs. prefrontal cortex cognitive control development.','Foundation for neuroscience understanding in education, psychology, parenting. Deepens understanding of developmental vulnerability.','adolescent_dev','Cognitive Neuroscience',2008,NULL,'Uniform early brain development','adolescent brain,limbic,prefrontal','adolescent brain,limbic system,prefrontal cortex','["B. J. Casey","Rebecca M. Jones","Todd A. Hare"]','[{"title":"The Adolescent Brain","year":2008,"doi":"10.1196/annals.1440.010","verified":false,"source_id":"jpms_src_010314"}]',93,'pending_verification','primary',77),

('jpms_ec_0048','Bronfenbrenner生態学的システム理論','Bronfenbrenner Ecological Systems Theory','The Ecology of Human Development','Five-layer environmental model of human development: Microsystem, Mesosystem, Exosystem, Macrosystem, Chronosystem.','Foundation for understanding development within social complexity. Shapes education, psychology, social policy.','adolescent_dev','Ecological Systems Theory',1979,NULL,'Individual-centered development','Bronfenbrenner,ecology,systems','Bronfenbrenner,ecological systems,environment','["Urie Bronfenbrenner"]','[{"title":"The Ecology of Human Development: Experiments by Nature and Design","year":1979,"verified":false,"source_id":"jpms_src_010315"}]',94,'pending_verification','primary',76),

('jpms_ec_0049','思春期の愛着','Attachment in Adolescence','Attachment system in adolescence','Joseph P. Allen: Adolescent-specific attachment mechanisms. Psychological proximity to parents decreases but attachment functions for emotion regulation persist.','Revolutionizes understanding of adolescent parent-child and peer relationships. Basis for parent education and counseling.','adolescent_dev','Attachment Theory in Adolescence',2008,NULL,'Adolescent attachment loss','attachment,adolescence','attachment,adolescence,emotion regulation','["Joseph P. Allen","Erin M. Miga"]','[{"title":"Attachment in adolescence: A move to the level of emotion regulation","year":2010,"doi":"10.1177/0963721409359287","verified":false,"source_id":"jpms_src_010316"}]',90,'pending_verification','primary',76),

('jpms_ec_0050','思春期における同年代影響','Peer Influence in Adolescence','Peer Influence Process','B. Bradford Brown research on multidimensional peer group influence in adolescence. Includes both positive influences (prosocial, academic) and negative (risk, substance use).','Core mechanism of adolescent social development. Basis for education, prevention programs, social media literacy.','adolescent_dev','Social Development Theory',1998,NULL,'Peer avoidance','peer influence,groups','peer influence,peer group,socialization','["B. Bradford Brown","Jacqueline V. Lerner"]','[{"title":"Peer influence in adolescence: The role of relationships and social context","year":2018,"doi":"10.1002/9781119171492.wecad398","verified":false,"source_id":"jpms_src_010317"}]',92,'pending_verification','primary',76),

('jpms_ec_0051','思春期のリスク行動','Risk-Taking in Adolescence','Adolescent Risk-Taking','Steinberg research on developmental trajectory of risk behavior: gradual increase childhood-early adolescence, peak mid-adolescence (14-18), decline into adulthood.','Understanding normal developmental process prevents pathologizing. Basis for safety education and parent guidance.','adolescent_dev','Developmental Neuroscience',2007,NULL,'Behavior disorder model','risk-taking,adolescence','risk-taking,adolescence,neural development','["Laurence Steinberg"]','[{"title":"Risk taking in adolescence","year":2007,"doi":"10.1111/j.1467-8721.2007.00475.x","verified":false,"source_id":"jpms_src_010318"}]',92,'pending_verification','primary',76),

('jpms_ec_0052','アイデンティティ・キャピタル','Identity Capital','Identity Capital Model','James E. Cote: Psychosocial resources for navigating complex society. Integration of family cultural capital, personal skills, self-efficacy, social networks.','Psychological extension of Bourdieu cultural capital. Worldwide adoption as predictor of identity formation, school adjustment, career transition.','adolescent_dev','Sociological Developmental Theory',1996,NULL,'Individual psychology','identity capital','identity capital,cultural capital','["James E. Cote"]','[{"title":"Sociological perspectives on identity formation: the culture-identity link and identity capital","year":1996,"doi":"10.1006/jado.1996.0040","verified":false,"source_id":"jpms_src_010315"}]',88,'pending_verification','primary',76),

('jpms_ec_0053','ポジティブ・ユース・デベロップメント','Positive Youth Development (Five Cs Model)','Five Cs Model of PYD','Richard M. Lerner strengths-oriented adolescent framework. Five Cs: Competence, Confidence, Connection, Character, Caring. Sixth C: Contribution.','Paradigm shift from risk reduction to strengths. Integrated framework for SEL, career education, citizenship. Basis for worldwide adolescent support programs.','adolescent_dev','Relational Developmental Systems Theory',2000,NULL,'Deficit reduction models','positive youth,5C,strengths','positive youth development,five Cs,strengths','["Richard M. Lerner","Jacqueline V. Lerner"]','[{"title":"Positive Youth Development in 2020: Theory, Research, Programs, and the Promotion of Social Justice","year":2021,"doi":"10.1111/jora.12609","verified":false,"source_id":"jpms_src_010319"}]',95,'pending_verification','primary',77);

-- ========================================================================
-- Section 3: Concept Relations (16 relations)
-- ========================================================================

INSERT INTO jpms_education_concept_relations (id, source_concept_id, target_concept_id, relation_type, relation_description, strength) VALUES
('jpms_ecr_00300','jpms_ec_0034','jpms_ec_0035','applies_to_practice','CASEL Framework theoretical foundation for PATHS Curriculum',8),
('jpms_ecr_00301','jpms_ec_0034','jpms_ec_0036','applies_to_practice','CASEL 5 Competencies applied to RULER framework',8),
('jpms_ecr_00302','jpms_ec_0034','jpms_ec_0037','applies_to_practice','CASEL Framework theoretical basis for Second Step',8),
('jpms_ecr_00303','jpms_ec_0034','jpms_ec_0038','applies_to_practice','CASEL self-management operationalized in MindUP',7),
('jpms_ecr_00304','jpms_ec_0039','jpms_ec_0038','empirically_tests','Zenner meta-analysis validates school mindfulness effects',8),
('jpms_ecr_00305','jpms_ec_0040','jpms_ec_0042','complements','Restorative Practices and Olweus bullying prevention complementary',7),
('jpms_ecr_00306','jpms_ec_0041','jpms_ec_0040','related_to','Trauma-informed and restorative practices support psychological safety',7),
('jpms_ecr_00307','jpms_ec_0043','jpms_ec_0034','applies_to_practice','Empathy training implements CASEL social awareness competency',8),
('jpms_ecr_00308','jpms_ec_0044','jpms_ec_0045','extends','Erikson Stage 5 refined by Marcia four-type classification',9),
('jpms_ecr_00309','jpms_ec_0046','jpms_ec_0047','synthesizes','Steinberg Dual Systems and Casey brain research integrate mechanisms',9),
('jpms_ecr_00310','jpms_ec_0050','jpms_ec_0046','empirically_tests','Brown peer influence validates Steinberg dual systems mechanisms',8),
('jpms_ecr_00311','jpms_ec_0051','jpms_ec_0047','related_to','Risk-taking trajectory manifests brain development consequences',8),
('jpms_ecr_00312','jpms_ec_0048','jpms_ec_0050','applies_to_practice','Bronfenbrenner ecology explains multilevel peer influence context',8),
('jpms_ecr_00313','jpms_ec_0049','jpms_ec_0045','complements','Attachment foundational to Marcia identity status achievement',7),
('jpms_ecr_00314','jpms_ec_0052','jpms_ec_0053','related_to','Identity capital and PYD share strengths-oriented perspective',7),
('jpms_ecr_00315','jpms_ec_0053','jpms_ec_0034','related_to','Lerner PYD and CASEL SEL mutually complementary',7);
